[?2026h[?25l[1Gpulling manifest ⠋ [K[?25h[?2026l[?2026h[?25l[1Gpulling manifest ⠙ [K[?25h[?2026l[?2026h[?25l[1Gpulling manifest ⠹ [K[?25h[?2026l[?2026h[?25l[1Gpulling manifest ⠸ [K[?25h[?2026l[?2026h[?25l[1Gpulling manifest ⠼ [K[?25h[?2026l[?2026h[?25l[1Gpulling manifest ⠴ [K[?25h[?2026l[?2026h[?25l[1Gpulling manifest ⠦ [K[?25h[?2026l[?2026h[?25l[1Gpulling manifest ⠧ [K[?25h[?2026l[?2026h[?25l[1Gpulling manifest ⠇ [K[?25h[?2026l[?2026h[?25l[1Gpulling manifest ⠏ [K[?25h[?2026l[?2026h[?25l[1Gpulling manifest [K
pulling 2049f5674b1e:  40% ▕███████           ▏ 3.6 GB/9.0 GB                  [K[?25h[?2026l[?2026h[?25l[A[1Gpulling manifest [K
pulling 2049f5674b1e:  40% ▕███████           ▏ 3.6 GB/9.0 GB                  [K[?25h[?2026l[?2026h[?25l[A[1Gpulling manifest [K
pulling 2049f5674b1e:  40% ▕███████           ▏ 3.6 GB/9.0 GB                  [K[?25h[?2026l[?2026h[?25l[A[1Gpulling manifest [K
pulling 2049f5674b1e:  40% ▕███████           ▏ 3.6 GB/9.0 GB                  [K[?25h[?2026l[?2026h[?25l[A[1Gpulling manifest [K
pulling 2049f5674b1e:  40% ▕███████           ▏ 3.6 GB/9.0 GB                  [K[?25h[?2026l[?2026h[?25l[A[1Gpulling manifest [K
pulling 2049f5674b1e:  40% ▕███████           ▏ 3.6 GB/9.0 GB                  [K[?25h[?2026l[?2026h[?25l[A[1Gpulling manifest [K
pulling 2049f5674b1e:  40% ▕███████           ▏ 3.6 GB/9.0 GB                  [K[?25h[?2026l[?2026h[?25l[A[1Gpulling manifest [K
pulling 2049f5674b1e:  40% ▕███████           ▏ 3.6 GB/9.0 GB                  [K[?25h[?2026l[?2026h[?25l[A[1Gpulling manifest [K
pulling 2049f5674b1e:  40% ▕███████           ▏ 3.6 GB/9.0 GB                  [K[?25h[?2026l[?2026h[?25l[A[1Gpulling manifest [K
pulling 2049f5674b1e:  40% ▕███████           ▏ 3.6 GB/9.0 GB                  [K[?25h[?2026l[?2026h[?25l[A[1Gpulling manifest [K
pulling 2049f5674b1e:  40% ▕███████           ▏ 3.6 GB/9.0 GB  523 KB/s   2h52m[K[?25h[?2026l[?2026h[?25l[A[1Gpulling manifest [K
pulling 2049f5674b1e:  40% ▕███████           ▏ 3.6 GB/9.0 GB  523 KB/s   2h52m[K[?25h[?2026l[?2026h[?25l[A[1Gpulling manifest [K
pulling 2049f5674b1e:  40% ▕███████           ▏ 3.6 GB/9.0 GB  523 KB/s   2h52m[K[?25h[?2026l[?2026h[?25l[A[1Gpulling manifest [K
pulling 2049f5674b1e:  40% ▕███████           ▏ 3.6 GB/9.0 GB  523 KB/s   2h52m[K[?25h[?2026l[?2026h[?25l[A[1Gpulling manifest [K
pulling 2049f5674b1e:  40% ▕███████           ▏ 3.6 GB/9.0 GB  523 KB/s   2h52m[K[?25h[?2026l[?2026h[?25l[A[1Gpulling manifest [K
pulling 2049f5674b1e:  40% ▕███████           ▏ 3.6 GB/9.0 GB  523 KB/s   2h52m[K[?25h[?2026l[?2026h[?25l[A[1Gpulling manifest [K
pulling 2049f5674b1e:  40% ▕███████           ▏ 3.6 GB/9.0 GB  523 KB/s   2h52m[K[?25h[?2026l[?2026h[?25l[A[1Gpulling manifest [K
pulling 2049f5674b1e:  40% ▕███████           ▏ 3.6 GB/9.0 GB  523 KB/s   2h52m[K[?25h[?2026l[?2026h[?25l[A[1Gpulling manifest [K
pulling 2049f5674b1e:  40% ▕███████           ▏ 3.6 GB/9.0 GB  523 KB/s   2h52m[K[?25h[?2026l[?2026h[?25l[A[1Gpulling manifest [K
pulling 2049f5674b1e:  40% ▕███████           ▏ 3.6 GB/9.0 GB  523 KB/s   2h52m[K[?25h[?2026l[?2026h[?25l[A[1Gpulling manifest [K
pulling 2049f5674b1e:  40% ▕███████           ▏ 3.6 GB/9.0 GB  523 KB/s   2h52m[K[?25h[?2026l[?2026h[?25l[A[1Gpulling manifest [K
pulling 2049f5674b1e:  40% ▕███████           ▏ 3.6 GB/9.0 GB  979 KB/s   1h32m[K[?25h[?2026l[?2026h[?25l[A[1Gpulling manifest [K
pulling 2049f5674b1e:  40% ▕███████           ▏ 3.6 GB/9.0 GB  979 KB/s   1h32m[K[?25h[?2026l[?2026h[?25l[A[1Gpulling manifest [K
pulling 2049f5674b1e:  40% ▕███████           ▏ 3.6 GB/9.0 GB  979 KB/s   1h32m[K[?25h[?2026l[?2026h[?25l[A[1Gpulling manifest [K
pulling 2049f5674b1e:  40% ▕███████           ▏ 3.6 GB/9.0 GB  979 KB/s   1h32m[K[?25h[?2026l[?2026h[?25l[A[1Gpulling manifest [K
pulling 2049f5674b1e:  40% ▕███████           ▏ 3.6 GB/9.0 GB  979 KB/s   1h32m[K[?25h[?2026l[?2026h[?25l[A[1Gpulling manifest [K
pulling 2049f5674b1e:  40% ▕███████           ▏ 3.6 GB/9.0 GB  979 KB/s   1h32m[K[?25h[?2026l[?2026h[?25l[A[1Gpulling manifest [K
pulling 2049f5674b1e:  40% ▕███████           ▏ 3.6 GB/9.0 GB  979 KB/s   1h32m[K[?25h[?2026l[?2026h[?25l[A[1Gpulling manifest [K
pulling 2049f5674b1e:  40% ▕███████           ▏ 3.6 GB/9.0 GB  979 KB/s   1h32m[K[?25h[?2026l[?2026h[?25l[A[1Gpulling manifest [K
pulling 2049f5674b1e:  40% ▕███████           ▏ 3.6 GB/9.0 GB  979 KB/s   1h32m[K[?25h[?2026l[?2026h[?25l[A[1Gpulling manifest [K
pulling 2049f5674b1e:  40% ▕███████           ▏ 3.6 GB/9.0 GB  979 KB/s   1h32m[K[?25h[?2026l[?2026h[?25l[A[1Gpulling manifest [K
pulling 2049f5674b1e:  40% ▕███████           ▏ 3.6 GB/9.0 GB  1.3 MB/s    1h9m[K[?25h[?2026l[?2026h[?25l[A[1Gpulling manifest [K
pulling 2049f5674b1e:  40% ▕███████           ▏ 3.6 GB/9.0 GB  1.3 MB/s    1h9m[K[?25h[?2026l[?2026h[?25l[A[1Gpulling manifest [K
pulling 2049f5674b1e:  40% ▕███████           ▏ 3.6 GB/9.0 GB  1.3 MB/s    1h9m[K[?25h[?2026l[?2026h[?25l[A[1Gpulling manifest [K
pulling 2049f5674b1e:  40% ▕███████           ▏ 3.6 GB/9.0 GB  1.3 MB/s    1h9m[K[?25h[?2026l[?2026h[?25l[A[1Gpulling manifest [K
pulling 2049f5674b1e:  40% ▕███████           ▏ 3.6 GB/9.0 GB  1.3 MB/s    1h9m[K[?25h[?2026l[?2026h[?25l[A[1Gpulling manifest [K
pulling 2049f5674b1e:  40% ▕███████           ▏ 3.6 GB/9.0 GB  1.3 MB/s    1h9m[K[?25h[?2026l[?2026h[?25l[A[1Gpulling manifest [K
pulling 2049f5674b1e:  40% ▕███████           ▏ 3.6 GB/9.0 GB  1.3 MB/s    1h9m[K[?25h[?2026l[?2026h[?25l[A[1Gpulling manifest [K
pulling 2049f5674b1e:  40% ▕███████           ▏ 3.6 GB/9.0 GB  1.3 MB/s    1h9m[K[?25h[?2026l[?2026h[?25l[A[1Gpulling manifest [K
pulling 2049f5674b1e:  40% ▕███████           ▏ 3.6 GB/9.0 GB  1.3 MB/s    1h9m[K[?25h[?2026l[?2026h[?25l[A[1Gpulling manifest [K
pulling 2049f5674b1e:  40% ▕███████           ▏ 3.6 GB/9.0 GB  1.3 MB/s    1h9m[K[?25h[?2026l[?2026h[?25l[A[1Gpulling manifest [K
pulling 2049f5674b1e:  40% ▕███████           ▏ 3.6 GB/9.0 GB  1.3 MB/s    1h8m[K[?25h[?2026l[?2026h[?25l[A[1Gpulling manifest [K
pulling 2049f5674b1e:  40% ▕███████           ▏ 3.6 GB/9.0 GB  1.3 MB/s    1h8m[K[?25h[?2026l[?2026h[?25l[A[1Gpulling manifest [K
pulling 2049f5674b1e:  40% ▕███████           ▏ 3.6 GB/9.0 GB  1.3 MB/s    1h8m[K[?25h[?2026l[?2026h[?25l[A[1Gpulling manifest [K
pulling 2049f5674b1e:  40% ▕███████           ▏ 3.6 GB/9.0 GB  1.3 MB/s    1h8m[K[?25h[?2026l[?2026h[?25l[A[1Gpulling manifest [K
pulling 2049f5674b1e:  40% ▕███████           ▏ 3.6 GB/9.0 GB  1.3 MB/s    1h8m[K[?25h[?2026l[?2026h[?25l[A[1Gpulling manifest [K
pulling 2049f5674b1e:  40% ▕███████           ▏ 3.6 GB/9.0 GB  1.3 MB/s    1h8m[K[?25h[?2026l[?2026h[?25l[A[1Gpulling manifest [K
pulling 2049f5674b1e:  40% ▕███████           ▏ 3.6 GB/9.0 GB  1.3 MB/s    1h8m[K[?25h[?2026l[?2026h[?25l[A[1Gpulling manifest [K
pulling 2049f5674b1e:  40% ▕███████           ▏ 3.6 GB/9.0 GB  1.3 MB/s    1h8m[K[?25h[?2026l[?2026h[?25l[A[1Gpulling manifest [K
pulling 2049f5674b1e:  40% ▕███████           ▏ 3.6 GB/9.0 GB  1.3 MB/s    1h8m[K[?25h[?2026l[?2026h[?25l[A[1Gpulling manifest [K
pulling 2049f5674b1e:  40% ▕███████           ▏ 3.6 GB/9.0 GB  1.3 MB/s    1h8m[K[?25h[?2026l[?2026h[?25l[A[1Gpulling manifest [K
pulling 2049f5674b1e:  40% ▕███████           ▏ 3.6 GB/9.0 GB  1.3 MB/s    1h8m[K[?25h[?2026l[?2026h[?25l[A[1Gpulling manifest [K
pulling 2049f5674b1e:  40% ▕███████           ▏ 3.6 GB/9.0 GB  1.3 MB/s    1h8m[K[?25h[?2026l[?2026h[?25l[A[1Gpulling manifest [K
pulling 2049f5674b1e:  40% ▕███████           ▏ 3.6 GB/9.0 GB  1.3 MB/s    1h8m[K[?25h[?2026l[?2026h[?25l[A[1Gpulling manifest [K
pulling 2049f5674b1e:  40% ▕███████           ▏ 3.6 GB/9.0 GB  1.3 MB/s    1h8m[K[?25h[?2026l[?2026h[?25l[A[1Gpulling manifest [K
pulling 2049f5674b1e:  40% ▕███████           ▏ 3.6 GB/9.0 GB  1.3 MB/s    1h8m[K[?25h[?2026l[?2026h[?25l[A[1Gpulling manifest [K
pulling 2049f5674b1e:  40% ▕███████           ▏ 3.6 GB/9.0 GB  1.3 MB/s    1h8m[K[?25h[?2026l[?2026h[?25l[A[1Gpulling manifest [K
pulling 2049f5674b1e:  40% ▕███████           ▏ 3.6 GB/9.0 GB  1.3 MB/s    1h8m[K[?25h[?2026l[?2026h[?25l[A[1Gpulling manifest [K
pulling 2049f5674b1e:  40% ▕███████           ▏ 3.6 GB/9.0 GB  1.3 MB/s    1h8m[K[?25h[?2026l[?2026h[?25l[A[1Gpulling manifest [K
pulling 2049f5674b1e:  40% ▕███████           ▏ 3.6 GB/9.0 GB  1.3 MB/s    1h8m[K[?25h[?2026l[?2026h[?25l[A[1Gpulling manifest [K
pulling 2049f5674b1e:  40% ▕███████           ▏ 3.6 GB/9.0 GB  1.3 MB/s    1h8m[K[?25h[?2026l[?2026h[?25l[A[1Gpulling manifest [K
pulling 2049f5674b1e:  40% ▕███████           ▏ 3.6 GB/9.0 GB  1.4 MB/s    1h4m[K[?25h[?2026l[?2026h[?25l[A[1Gpulling manifest [K
pulling 2049f5674b1e:  40% ▕███████           ▏ 3.6 GB/9.0 GB  1.4 MB/s    1h4m[K[?25h[?2026l[?2026h[?25l[A[1Gpulling manifest [K
pulling 2049f5674b1e:  40% ▕███████           ▏ 3.6 GB/9.0 GB  1.4 MB/s    1h4m[K[?25h[?2026l[?2026h[?25l[A[1Gpulling manifest [K
pulling 2049f5674b1e:  40% ▕███████           ▏ 3.6 GB/9.0 GB  1.4 MB/s    1h4m[K[?25h[?2026l[?2026h[?25l[A[1Gpulling manifest [K
pulling 2049f5674b1e:  40% ▕███████           ▏ 3.6 GB/9.0 GB  1.4 MB/s    1h4m[K[?25h[?2026l[?2026h[?25l[A[1Gpulling manifest [K
pulling 2049f5674b1e:  40% ▕███████           ▏ 3.6 GB/9.0 GB  1.4 MB/s    1h4m[K[?25h[?2026l[?2026h[?25l[A[1Gpulling manifest [K
pulling 2049f5674b1e:  40% ▕███████           ▏ 3.6 GB/9.0 GB  1.4 MB/s    1h4m[K[?25h[?2026l[?2026h[?25l[A[1Gpulling manifest [K
pulling 2049f5674b1e:  40% ▕███████           ▏ 3.6 GB/9.0 GB  1.4 MB/s    1h4m[K[?25h[?2026l[?2026h[?25l[A[1Gpulling manifest [K
pulling 2049f5674b1e:  40% ▕███████           ▏ 3.6 GB/9.0 GB  1.4 MB/s    1h4m[K[?25h[?2026l[?2026h[?25l[A[1Gpulling manifest [K
pulling 2049f5674b1e:  40% ▕███████           ▏ 3.6 GB/9.0 GB  1.4 MB/s    1h4m[K[?25h[?2026l[?2026h[?25l[A[1Gpulling manifest [K
pulling 2049f5674b1e:  40% ▕███████           ▏ 3.6 GB/9.0 GB  1.4 MB/s    1h4m[K[?25h[?2026l[?2026h[?25l[A[1Gpulling manifest [K
pulling 2049f5674b1e:  40% ▕███████           ▏ 3.6 GB/9.0 GB  1.4 MB/s    1h2m[K[?25h[?2026l[?2026h[?25l[A[1Gpulling manifest [K
pulling 2049f5674b1e:  40% ▕███████           ▏ 3.6 GB/9.0 GB  1.4 MB/s    1h2m[K[?25h[?2026l[?2026h[?25l[A[1Gpulling manifest [K
pulling 2049f5674b1e:  40% ▕███████           ▏ 3.6 GB/9.0 GB  1.4 MB/s    1h2m[K[?25h[?2026l[?2026h[?25l[A[1Gpulling manifest [K
pulling 2049f5674b1e:  40% ▕███████           ▏ 3.6 GB/9.0 GB  1.4 MB/s    1h2m[K[?25h[?2026l[?2026h[?25l[A[1Gpulling manifest [K
pulling 2049f5674b1e:  40% ▕███████           ▏ 3.6 GB/9.0 GB  1.4 MB/s    1h2m[K[?25h[?2026l[?2026h[?25l[A[1Gpulling manifest [K
pulling 2049f5674b1e:  40% ▕███████           ▏ 3.6 GB/9.0 GB  1.4 MB/s    1h2m[K[?25h[?2026l[?2026h[?25l[A[1Gpulling manifest [K
pulling 2049f5674b1e:  40% ▕███████           ▏ 3.6 GB/9.0 GB  1.4 MB/s    1h2m[K[?25h[?2026l[?2026h[?25l[A[1Gpulling manifest [K
pulling 2049f5674b1e:  40% ▕███████           ▏ 3.6 GB/9.0 GB  1.4 MB/s    1h2m[K[?25h[?2026l[?2026h[?25l[A[1Gpulling manifest [K
pulling 2049f5674b1e:  40% ▕███████           ▏ 3.6 GB/9.0 GB  1.4 MB/s    1h2m[K[?25h[?2026l[?2026h[?25l[A[1Gpulling manifest [K
pulling 2049f5674b1e:  40% ▕███████           ▏ 3.6 GB/9.0 GB  1.4 MB/s    1h2m[K[?25h[?2026l[?2026h[?25l[A[1Gpulling manifest [K
pulling 2049f5674b1e:  40% ▕███████           ▏ 3.6 GB/9.0 GB  1.5 MB/s    1h1m[K[?25h[?2026l[?2026h[?25l[A[1Gpulling manifest [K
pulling 2049f5674b1e:  40% ▕███████           ▏ 3.6 GB/9.0 GB  1.5 MB/s    1h1m[K[?25h[?2026l[?2026h[?25l[A[1Gpulling manifest [K
pulling 2049f5674b1e:  40% ▕███████           ▏ 3.6 GB/9.0 GB  1.5 MB/s    1h1m[K[?25h[?2026l[?2026h[?25l[A[1Gpulling manifest [K
pulling 2049f5674b1e:  40% ▕███████           ▏ 3.6 GB/9.0 GB  1.5 MB/s    1h1m[K[?25h[?2026l[?2026h[?25l[A[1Gpulling manifest [K
pulling 2049f5674b1e:  40% ▕███████           ▏ 3.6 GB/9.0 GB  1.5 MB/s    1h1m[K[?25h[?2026l[?2026h[?25l[A[1Gpulling manifest [K
pulling 2049f5674b1e:  40% ▕███████           ▏ 3.6 GB/9.0 GB  1.5 MB/s    1h1m[K[?25h[?2026l[?2026h[?25l[A[1Gpulling manifest [K
pulling 2049f5674b1e:  40% ▕███████           ▏ 3.6 GB/9.0 GB  1.5 MB/s    1h1m[K[?25h[?2026l[?2026h[?25l[A[1Gpulling manifest [K
pulling 2049f5674b1e:  40% ▕███████           ▏ 3.6 GB/9.0 GB  1.5 MB/s    1h1m[K[?25h[?2026l[?2026h[?25l[A[1Gpulling manifest [K
pulling 2049f5674b1e:  40% ▕███████           ▏ 3.6 GB/9.0 GB  1.5 MB/s    1h1m[K[?25h[?2026l[?2026h[?25l[A[1Gpulling manifest [K
pulling 2049f5674b1e:  40% ▕███████           ▏ 3.6 GB/9.0 GB  1.5 MB/s    1h1m[K[?25h[?2026l[?2026h[?25l[A[1Gpulling manifest [K
pulling 2049f5674b1e:  40% ▕███████           ▏ 3.6 GB/9.0 GB  1.5 MB/s    1h1m[K[?25h[?2026l[?2026h[?25l[A[1Gpulling manifest [K
pulling 2049f5674b1e:  40% ▕███████           ▏ 3.6 GB/9.0 GB  1.5 MB/s    1h1m[K[?25h[?2026l[?2026h[?25l[A[1Gpulling manifest [K
pulling 2049f5674b1e:  40% ▕███████           ▏ 3.6 GB/9.0 GB  1.5 MB/s    1h1m[K[?25h[?2026l[?2026h[?25l[A[1Gpulling manifest [K
pulling 2049f5674b1e:  40% ▕███████           ▏ 3.6 GB/9.0 GB  1.5 MB/s    1h1m[K[?25h[?2026l[?2026h[?25l[A[1Gpulling manifest [K
pulling 2049f5674b1e:  40% ▕███████           ▏ 3.6 GB/9.0 GB  1.5 MB/s    1h1m[K[?25h[?2026l[?2026h[?25l[A[1Gpulling manifest [K
pulling 2049f5674b1e:  40% ▕███████           ▏ 3.6 GB/9.0 GB  1.5 MB/s    1h1m[K[?25h[?2026l[?2026h[?25l[A[1Gpulling manifest [K
pulling 2049f5674b1e:  40% ▕███████           ▏ 3.6 GB/9.0 GB  1.5 MB/s    1h1m[K[?25h[?2026l[?2026h[?25l[A[1Gpulling manifest [K
pulling 2049f5674b1e:  40% ▕███████           ▏ 3.6 GB/9.0 GB  1.5 MB/s    1h1m[K[?25h[?2026l[?2026h[?25l[A[1Gpulling manifest [K
pulling 2049f5674b1e:  40% ▕███████           ▏ 3.6 GB/9.0 GB  1.5 MB/s    1h1m[K[?25h[?2026l[?2026h[?25l[A[1Gpulling manifest [K
pulling 2049f5674b1e:  40% ▕███████           ▏ 3.6 GB/9.0 GB  1.5 MB/s    1h1m[K[?25h[?2026l[?2026h[?25l[A[1Gpulling manifest [K
pulling 2049f5674b1e:  40% ▕███████           ▏ 3.6 GB/9.0 GB  1.5 MB/s  58m26s[K[?25h[?2026l[?2026h[?25l[A[1Gpulling manifest [K
pulling 2049f5674b1e:  40% ▕███████           ▏ 3.6 GB/9.0 GB  1.5 MB/s  58m26s[K[?25h[?2026l[?2026h[?25l[A[1Gpulling manifest [K
pulling 2049f5674b1e:  40% ▕███████           ▏ 3.6 GB/9.0 GB  1.5 MB/s  58m26s[K[?25h[?2026l[?2026h[?25l[A[1Gpulling manifest [K
pulling 2049f5674b1e:  40% ▕███████           ▏ 3.6 GB/9.0 GB  1.5 MB/s  58m26s[K[?25h[?2026l[?2026h[?25l[A[1Gpulling manifest [K
pulling 2049f5674b1e:  40% ▕███████           ▏ 3.6 GB/9.0 GB  1.5 MB/s  58m26s[K[?25h[?2026l[?2026h[?25l[A[1Gpulling manifest [K
pulling 2049f5674b1e:  40% ▕███████           ▏ 3.6 GB/9.0 GB  1.5 MB/s  58m26s[K[?25h[?2026l[?2026h[?25l[A[1Gpulling manifest [K
pulling 2049f5674b1e:  40% ▕███████           ▏ 3.6 GB/9.0 GB  1.5 MB/s  58m25s[K[?25h[?2026l[?2026h[?25l[A[1Gpulling manifest [K
pulling 2049f5674b1e:  40% ▕███████           ▏ 3.6 GB/9.0 GB  1.5 MB/s  58m25s[K[?25h[?2026l[?2026h[?25l[A[1Gpulling manifest [K
pulling 2049f5674b1e:  40% ▕███████           ▏ 3.6 GB/9.0 GB  1.5 MB/s  58m25s[K[?25h[?2026l[?2026h[?25l[A[1Gpulling manifest [K
pulling 2049f5674b1e:  40% ▕███████           ▏ 3.6 GB/9.0 GB  1.5 MB/s  58m25s[K[?25h[?2026l[?2026h[?25l[A[1Gpulling manifest [K
pulling 2049f5674b1e:  40% ▕███████           ▏ 3.6 GB/9.0 GB  1.6 MB/s  55m37s[K[?25h[?2026l[?2026h[?25l[A[1Gpulling manifest [K
pulling 2049f5674b1e:  40% ▕███████           ▏ 3.6 GB/9.0 GB  1.6 MB/s  55m37s[K[?25h[?2026l[?2026h[?25l[A[1Gpulling manifest [K
pulling 2049f5674b1e:  40% ▕███████           ▏ 3.6 GB/9.0 GB  1.6 MB/s  55m37s[K[?25h[?2026l[?2026h[?25l[A[1Gpulling manifest [K
pulling 2049f5674b1e:  40% ▕███████           ▏ 3.6 GB/9.0 GB  1.6 MB/s  55m36s[K[?25h[?2026l[?2026h[?25l[A[1Gpulling manifest [K
pulling 2049f5674b1e:  40% ▕███████           ▏ 3.6 GB/9.0 GB  1.6 MB/s  55m36s[K[?25h[?2026l[?2026h[?25l[A[1Gpulling manifest [K
pulling 2049f5674b1e:  40% ▕███████           ▏ 3.6 GB/9.0 GB  1.6 MB/s  55m36s[K[?25h[?2026l[?2026h[?25l[A[1Gpulling manifest [K
pulling 2049f5674b1e:  40% ▕███████           ▏ 3.6 GB/9.0 GB  1.6 MB/s  55m36s[K[?25h[?2026l[?2026h[?25l[A[1Gpulling manifest [K
pulling 2049f5674b1e:  40% ▕███████           ▏ 3.6 GB/9.0 GB  1.6 MB/s  55m36s[K[?25h[?2026l[?2026h[?25l[A[1Gpulling manifest [K
pulling 2049f5674b1e:  40% ▕███████           ▏ 3.6 GB/9.0 GB  1.6 MB/s  55m36s[K[?25h[?2026l[?2026h[?25l[A[1Gpulling manifest [K
pulling 2049f5674b1e:  40% ▕███████           ▏ 3.6 GB/9.0 GB  1.6 MB/s  55m36s[K[?25h[?2026l[?2026h[?25l[A[1Gpulling manifest [K
pulling 2049f5674b1e:  40% ▕███████           ▏ 3.6 GB/9.0 GB  1.6 MB/s  55m36s[K[?25h[?2026l[?2026h[?25l[A[1Gpulling manifest [K
pulling 2049f5674b1e:  40% ▕███████           ▏ 3.6 GB/9.0 GB  1.6 MB/s  57m39s[K[?25h[?2026l[?2026h[?25l[A[1Gpulling manifest [K
pulling 2049f5674b1e:  40% ▕███████           ▏ 3.6 GB/9.0 GB  1.6 MB/s  57m39s[K[?25h[?2026l[?2026h[?25l[A[1Gpulling manifest [K
pulling 2049f5674b1e:  40% ▕███████           ▏ 3.6 GB/9.0 GB  1.6 MB/s  57m39s[K[?25h[?2026l[?2026h[?25l[A[1Gpulling manifest [K
pulling 2049f5674b1e:  40% ▕███████           ▏ 3.6 GB/9.0 GB  1.6 MB/s  57m39s[K[?25h[?2026l[?2026h[?25l[A[1Gpulling manifest [K
pulling 2049f5674b1e:  40% ▕███████           ▏ 3.6 GB/9.0 GB  1.6 MB/s  57m39s[K[?25h[?2026l[?2026h[?25l[A[1Gpulling manifest [K
pulling 2049f5674b1e:  40% ▕███████           ▏ 3.6 GB/9.0 GB  1.6 MB/s  57m39s[K[?25h[?2026l[?2026h[?25l[A[1Gpulling manifest [K
pulling 2049f5674b1e:  40% ▕███████           ▏ 3.6 GB/9.0 GB  1.6 MB/s  57m39s[K[?25h[?2026l[?2026h[?25l[A[1Gpulling manifest [K
pulling 2049f5674b1e:  40% ▕███████           ▏ 3.6 GB/9.0 GB  1.6 MB/s  57m38s[K[?25h[?2026l[?2026h[?25l[A[1Gpulling manifest [K
pulling 2049f5674b1e:  40% ▕███████           ▏ 3.6 GB/9.0 GB  1.6 MB/s  57m38s[K[?25h[?2026l[?2026h[?25l[A[1Gpulling manifest [K
pulling 2049f5674b1e:  40% ▕███████           ▏ 3.6 GB/9.0 GB  1.6 MB/s  57m38s[K[?25h[?2026l[?2026h[?25l[A[1Gpulling manifest [K
pulling 2049f5674b1e:  40% ▕███████           ▏ 3.6 GB/9.0 GB  1.6 MB/s  56m30s[K[?25h[?2026l[?2026h[?25l[A[1Gpulling manifest [K
pulling 2049f5674b1e:  40% ▕███████           ▏ 3.6 GB/9.0 GB  1.6 MB/s  56m30s[K[?25h[?2026l[?2026h[?25l[A[1Gpulling manifest [K
pulling 2049f5674b1e:  40% ▕███████           ▏ 3.6 GB/9.0 GB  1.6 MB/s  56m30s[K[?25h[?2026l[?2026h[?25l[A[1Gpulling manifest [K
pulling 2049f5674b1e:  40% ▕███████           ▏ 3.6 GB/9.0 GB  1.6 MB/s  56m30s[K[?25h[?2026l[?2026h[?25l[A[1Gpulling manifest [K
pulling 2049f5674b1e:  40% ▕███████           ▏ 3.6 GB/9.0 GB  1.6 MB/s  56m30s[K[?25h[?2026l[?2026h[?25l[A[1Gpulling manifest [K
pulling 2049f5674b1e:  40% ▕███████           ▏ 3.6 GB/9.0 GB  1.6 MB/s  56m30s[K[?25h[?2026l[?2026h[?25l[A[1Gpulling manifest [K
pulling 2049f5674b1e:  40% ▕███████           ▏ 3.6 GB/9.0 GB  1.6 MB/s  56m29s[K[?25h[?2026l[?2026h[?25l[A[1Gpulling manifest [K
pulling 2049f5674b1e:  40% ▕███████           ▏ 3.6 GB/9.0 GB  1.6 MB/s  56m29s[K[?25h[?2026l[?2026h[?25l[A[1Gpulling manifest [K
pulling 2049f5674b1e:  40% ▕███████           ▏ 3.6 GB/9.0 GB  1.6 MB/s  56m29s[K[?25h[?2026l[?2026h[?25l[A[1Gpulling manifest [K
pulling 2049f5674b1e:  40% ▕███████           ▏ 3.6 GB/9.0 GB  1.6 MB/s  56m29s[K[?25h[?2026l[?2026h[?25l[A[1Gpulling manifest [K
pulling 2049f5674b1e:  40% ▕███████           ▏ 3.6 GB/9.0 GB  1.6 MB/s  54m39s[K[?25h[?2026l[?2026h[?25l[A[1Gpulling manifest [K
pulling 2049f5674b1e:  40% ▕███████           ▏ 3.6 GB/9.0 GB  1.6 MB/s  54m39s[K[?25h[?2026l[?2026h[?25l[A[1Gpulling manifest [K
pulling 2049f5674b1e:  40% ▕███████           ▏ 3.6 GB/9.0 GB  1.6 MB/s  54m39s[K[?25h[?2026l[?2026h[?25l[A[1Gpulling manifest [K
pulling 2049f5674b1e:  40% ▕███████           ▏ 3.6 GB/9.0 GB  1.6 MB/s  54m39s[K[?25h[?2026l[?2026h[?25l[A[1Gpulling manifest [K
pulling 2049f5674b1e:  40% ▕███████           ▏ 3.6 GB/9.0 GB  1.6 MB/s  54m39s[K[?25h[?2026l[?2026h[?25l[A[1Gpulling manifest [K
pulling 2049f5674b1e:  40% ▕███████           ▏ 3.6 GB/9.0 GB  1.6 MB/s  54m39s[K[?25h[?2026l[?2026h[?25l[A[1Gpulling manifest [K
pulling 2049f5674b1e:  40% ▕███████           ▏ 3.6 GB/9.0 GB  1.6 MB/s  54m39s[K[?25h[?2026l[?2026h[?25l[A[1Gpulling manifest [K
pulling 2049f5674b1e:  40% ▕███████           ▏ 3.6 GB/9.0 GB  1.6 MB/s  54m38s[K[?25h[?2026l[?2026h[?25l[A[1Gpulling manifest [K
pulling 2049f5674b1e:  40% ▕███████           ▏ 3.6 GB/9.0 GB  1.6 MB/s  54m38s[K[?25h[?2026l[?2026h[?25l[A[1Gpulling manifest [K
pulling 2049f5674b1e:  40% ▕███████           ▏ 3.6 GB/9.0 GB  1.6 MB/s  54m38s[K[?25h[?2026l[?2026h[?25l[A[1Gpulling manifest [K
pulling 2049f5674b1e:  40% ▕███████           ▏ 3.6 GB/9.0 GB  1.6 MB/s  55m32s[K[?25h[?2026l[?2026h[?25l[A[1Gpulling manifest [K
pulling 2049f5674b1e:  40% ▕███████           ▏ 3.6 GB/9.0 GB  1.6 MB/s  55m32s[K[?25h[?2026l[?2026h[?25l[A[1Gpulling manifest [K
pulling 2049f5674b1e:  40% ▕███████           ▏ 3.6 GB/9.0 GB  1.6 MB/s  55m32s[K[?25h[?2026l[?2026h[?25l[A[1Gpulling manifest [K
pulling 2049f5674b1e:  40% ▕███████           ▏ 3.6 GB/9.0 GB  1.6 MB/s  55m32s[K[?25h[?2026l[?2026h[?25l[A[1Gpulling manifest [K
pulling 2049f5674b1e:  40% ▕███████           ▏ 3.6 GB/9.0 GB  1.6 MB/s  55m31s[K[?25h[?2026l[?2026h[?25l[A[1Gpulling manifest [K
pulling 2049f5674b1e:  40% ▕███████           ▏ 3.6 GB/9.0 GB  1.6 MB/s  55m31s[K[?25h[?2026l[?2026h[?25l[A[1Gpulling manifest [K
pulling 2049f5674b1e:  40% ▕███████           ▏ 3.6 GB/9.0 GB  1.6 MB/s  55m31s[K[?25h[?2026l[?2026h[?25l[A[1Gpulling manifest [K
pulling 2049f5674b1e:  40% ▕███████           ▏ 3.6 GB/9.0 GB  1.6 MB/s  55m31s[K[?25h[?2026l[?2026h[?25l[A[1Gpulling manifest [K
pulling 2049f5674b1e:  40% ▕███████           ▏ 3.6 GB/9.0 GB  1.6 MB/s  55m31s[K[?25h[?2026l[?2026h[?25l[A[1Gpulling manifest [K
pulling 2049f5674b1e:  40% ▕███████           ▏ 3.6 GB/9.0 GB  1.6 MB/s  55m31s[K[?25h[?2026l[?2026h[?25l[A[1Gpulling manifest [K
pulling 2049f5674b1e:  40% ▕███████           ▏ 3.6 GB/9.0 GB  1.6 MB/s  55m12s[K[?25h[?2026l[?2026h[?25l[A[1Gpulling manifest [K
pulling 2049f5674b1e:  40% ▕███████           ▏ 3.6 GB/9.0 GB  1.6 MB/s  55m12s[K[?25h[?2026l[?2026h[?25l[A[1Gpulling manifest [K
pulling 2049f5674b1e:  40% ▕███████           ▏ 3.6 GB/9.0 GB  1.6 MB/s  55m12s[K[?25h[?2026l[?2026h[?25l[A[1Gpulling manifest [K
pulling 2049f5674b1e:  40% ▕███████           ▏ 3.6 GB/9.0 GB  1.6 MB/s  55m12s[K[?25h[?2026l[?2026h[?25l[A[1Gpulling manifest [K
pulling 2049f5674b1e:  40% ▕███████           ▏ 3.6 GB/9.0 GB  1.6 MB/s  55m12s[K[?25h[?2026l[?2026h[?25l[A[1Gpulling manifest [K
pulling 2049f5674b1e:  40% ▕███████           ▏ 3.6 GB/9.0 GB  1.6 MB/s  55m12s[K[?25h[?2026l[?2026h[?25l[A[1Gpulling manifest [K
pulling 2049f5674b1e:  40% ▕███████           ▏ 3.6 GB/9.0 GB  1.6 MB/s  55m11s[K[?25h[?2026l[?2026h[?25l[A[1Gpulling manifest [K
pulling 2049f5674b1e:  40% ▕███████           ▏ 3.6 GB/9.0 GB  1.6 MB/s  55m11s[K[?25h[?2026l[?2026h[?25l[A[1Gpulling manifest [K
pulling 2049f5674b1e:  40% ▕███████           ▏ 3.6 GB/9.0 GB  1.6 MB/s  55m11s[K[?25h[?2026l[?2026h[?25l[A[1Gpulling manifest [K
pulling 2049f5674b1e:  40% ▕███████           ▏ 3.6 GB/9.0 GB  1.6 MB/s  55m11s[K[?25h[?2026l[?2026h[?25l[A[1Gpulling manifest [K
pulling 2049f5674b1e:  40% ▕███████           ▏ 3.6 GB/9.0 GB  1.6 MB/s  55m11s[K[?25h[?2026l[?2026h[?25l[A[1Gpulling manifest [K
pulling 2049f5674b1e:  40% ▕███████           ▏ 3.6 GB/9.0 GB  1.6 MB/s  54m40s[K[?25h[?2026l[?2026h[?25l[A[1Gpulling manifest [K
pulling 2049f5674b1e:  40% ▕███████           ▏ 3.6 GB/9.0 GB  1.6 MB/s  54m40s[K[?25h[?2026l[?2026h[?25l[A[1Gpulling manifest [K
pulling 2049f5674b1e:  40% ▕███████           ▏ 3.6 GB/9.0 GB  1.6 MB/s  54m40s[K[?25h[?2026l[?2026h[?25l[A[1Gpulling manifest [K
pulling 2049f5674b1e:  40% ▕███████           ▏ 3.6 GB/9.0 GB  1.6 MB/s  54m39s[K[?25h[?2026l[?2026h[?25l[A[1Gpulling manifest [K
pulling 2049f5674b1e:  40% ▕███████           ▏ 3.6 GB/9.0 GB  1.6 MB/s  54m39s[K[?25h[?2026l[?2026h[?25l[A[1Gpulling manifest [K
pulling 2049f5674b1e:  40% ▕███████           ▏ 3.6 GB/9.0 GB  1.6 MB/s  54m39s[K[?25h[?2026l[?2026h[?25l[A[1Gpulling manifest [K
pulling 2049f5674b1e:  40% ▕███████           ▏ 3.6 GB/9.0 GB  1.6 MB/s  54m39s[K[?25h[?2026l[?2026h[?25l[A[1Gpulling manifest [K
pulling 2049f5674b1e:  40% ▕███████           ▏ 3.6 GB/9.0 GB  1.6 MB/s  54m39s[K[?25h[?2026l[?2026h[?25l[A[1Gpulling manifest [K
pulling 2049f5674b1e:  40% ▕███████           ▏ 3.6 GB/9.0 GB  1.6 MB/s  54m39s[K[?25h[?2026l[?2026h[?25l[A[1Gpulling manifest [K
pulling 2049f5674b1e:  40% ▕███████           ▏ 3.6 GB/9.0 GB  1.6 MB/s  54m39s[K[?25h[?2026l[?2026h[?25l[A[1Gpulling manifest [K
pulling 2049f5674b1e:  40% ▕███████           ▏ 3.6 GB/9.0 GB  1.7 MB/s   54m3s[K[?25h[?2026l[?2026h[?25l[A[1Gpulling manifest [K
pulling 2049f5674b1e:  40% ▕███████           ▏ 3.6 GB/9.0 GB  1.7 MB/s   54m2s[K[?25h[?2026l[?2026h[?25l[A[1Gpulling manifest [K
pulling 2049f5674b1e:  40% ▕███████           ▏ 3.6 GB/9.0 GB  1.7 MB/s   54m2s[K[?25h[?2026l[?2026h[?25l[A[1Gpulling manifest [K
pulling 2049f5674b1e:  40% ▕███████           ▏ 3.6 GB/9.0 GB  1.7 MB/s   54m2s[K[?25h[?2026l[?2026h[?25l[A[1Gpulling manifest [K
pulling 2049f5674b1e:  40% ▕███████           ▏ 3.6 GB/9.0 GB  1.7 MB/s   54m2s[K[?25h[?2026l[?2026h[?25l[A[1Gpulling manifest [K
pulling 2049f5674b1e:  40% ▕███████           ▏ 3.6 GB/9.0 GB  1.7 MB/s   54m2s[K[?25h[?2026l[?2026h[?25l[A[1Gpulling manifest [K
pulling 2049f5674b1e:  40% ▕███████           ▏ 3.6 GB/9.0 GB  1.7 MB/s   54m2s[K[?25h[?2026l[?2026h[?25l[A[1Gpulling manifest [K
pulling 2049f5674b1e:  40% ▕███████           ▏ 3.6 GB/9.0 GB  1.7 MB/s   54m2s[K[?25h[?2026l[?2026h[?25l[A[1Gpulling manifest [K
pulling 2049f5674b1e:  40% ▕███████           ▏ 3.6 GB/9.0 GB  1.7 MB/s   54m2s[K[?25h[?2026l[?2026h[?25l[A[1Gpulling manifest [K
pulling 2049f5674b1e:  40% ▕███████           ▏ 3.6 GB/9.0 GB  1.7 MB/s   54m2s[K[?25h[?2026l[?2026h[?25l[A[1Gpulling manifest [K
pulling 2049f5674b1e:  40% ▕███████           ▏ 3.6 GB/9.0 GB  1.7 MB/s  53m47s[K[?25h[?2026l[?2026h[?25l[A[1Gpulling manifest [K
pulling 2049f5674b1e:  40% ▕███████           ▏ 3.6 GB/9.0 GB  1.7 MB/s  53m47s[K[?25h[?2026l[?2026h[?25l[A[1Gpulling manifest [K
pulling 2049f5674b1e:  40% ▕███████           ▏ 3.6 GB/9.0 GB  1.7 MB/s  53m46s[K[?25h[?2026l[?2026h[?25l[A[1Gpulling manifest [K
pulling 2049f5674b1e:  40% ▕███████           ▏ 3.6 GB/9.0 GB  1.7 MB/s  53m46s[K[?25h[?2026l[?2026h[?25l[A[1Gpulling manifest [K
pulling 2049f5674b1e:  40% ▕███████           ▏ 3.6 GB/9.0 GB  1.7 MB/s  53m46s[K[?25h[?2026l[?2026h[?25l[A[1Gpulling manifest [K
pulling 2049f5674b1e:  40% ▕███████           ▏ 3.6 GB/9.0 GB  1.7 MB/s  53m46s[K[?25h[?2026l[?2026h[?25l[A[1Gpulling manifest [K
pulling 2049f5674b1e:  40% ▕███████           ▏ 3.6 GB/9.0 GB  1.7 MB/s  53m46s[K[?25h[?2026l[?2026h[?25l[A[1Gpulling manifest [K
pulling 2049f5674b1e:  40% ▕███████           ▏ 3.6 GB/9.0 GB  1.7 MB/s  53m46s[K[?25h[?2026l[?2026h[?25l[A[1Gpulling manifest [K
pulling 2049f5674b1e:  40% ▕███████           ▏ 3.6 GB/9.0 GB  1.7 MB/s  53m46s[K[?25h[?2026l[?2026h[?25l[A[1Gpulling manifest [K
pulling 2049f5674b1e:  40% ▕███████           ▏ 3.6 GB/9.0 GB  1.7 MB/s  53m46s[K[?25h[?2026l[?2026h[?25l[A[1Gpulling manifest [K
pulling 2049f5674b1e:  40% ▕███████           ▏ 3.6 GB/9.0 GB  1.6 MB/s  55m16s[K[?25h[?2026l[?2026h[?25l[A[1Gpulling manifest [K
pulling 2049f5674b1e:  40% ▕███████           ▏ 3.6 GB/9.0 GB  1.6 MB/s  55m16s[K[?25h[?2026l[?2026h[?25l[A[1Gpulling manifest [K
pulling 2049f5674b1e:  40% ▕███████           ▏ 3.6 GB/9.0 GB  1.6 MB/s  55m16s[K[?25h[?2026l[?2026h[?25l[A[1Gpulling manifest [K
pulling 2049f5674b1e:  40% ▕███████           ▏ 3.6 GB/9.0 GB  1.6 MB/s  55m16s[K[?25h[?2026l[?2026h[?25l[A[1Gpulling manifest [K
pulling 2049f5674b1e:  40% ▕███████           ▏ 3.6 GB/9.0 GB  1.6 MB/s  55m15s[K[?25h[?2026l[?2026h[?25l[A[1Gpulling manifest [K
pulling 2049f5674b1e:  40% ▕███████           ▏ 3.6 GB/9.0 GB  1.6 MB/s  55m15s[K[?25h[?2026l[?2026h[?25l[A[1Gpulling manifest [K
pulling 2049f5674b1e:  40% ▕███████           ▏ 3.6 GB/9.0 GB  1.6 MB/s  55m15s[K[?25h[?2026l[?2026h[?25l[A[1Gpulling manifest [K
pulling 2049f5674b1e:  40% ▕███████           ▏ 3.6 GB/9.0 GB  1.6 MB/s  55m15s[K[?25h[?2026l[?2026h[?25l[A[1Gpulling manifest [K
pulling 2049f5674b1e:  40% ▕███████           ▏ 3.6 GB/9.0 GB  1.6 MB/s  55m15s[K[?25h[?2026l[?2026h[?25l[A[1Gpulling manifest [K
pulling 2049f5674b1e:  40% ▕███████           ▏ 3.6 GB/9.0 GB  1.6 MB/s  55m15s[K[?25h[?2026l[?2026h[?25l[A[1Gpulling manifest [K
pulling 2049f5674b1e:  40% ▕███████           ▏ 3.6 GB/9.0 GB  1.7 MB/s  53m22s[K[?25h[?2026l[?2026h[?25l[A[1Gpulling manifest [K
pulling 2049f5674b1e:  40% ▕███████           ▏ 3.6 GB/9.0 GB  1.7 MB/s  53m22s[K[?25h[?2026l[?2026h[?25l[A[1Gpulling manifest [K
pulling 2049f5674b1e:  40% ▕███████           ▏ 3.6 GB/9.0 GB  1.7 MB/s  53m22s[K[?25h[?2026l[?2026h[?25l[A[1Gpulling manifest [K
pulling 2049f5674b1e:  40% ▕███████           ▏ 3.6 GB/9.0 GB  1.7 MB/s  53m22s[K[?25h[?2026l[?2026h[?25l[A[1Gpulling manifest [K
pulling 2049f5674b1e:  40% ▕███████           ▏ 3.6 GB/9.0 GB  1.7 MB/s  53m22s[K[?25h[?2026l[?2026h[?25l[A[1Gpulling manifest [K
pulling 2049f5674b1e:  40% ▕███████           ▏ 3.6 GB/9.0 GB  1.7 MB/s  53m22s[K[?25h[?2026l[?2026h[?25l[A[1Gpulling manifest [K
pulling 2049f5674b1e:  40% ▕███████           ▏ 3.6 GB/9.0 GB  1.7 MB/s  53m21s[K[?25h[?2026l[?2026h[?25l[A[1Gpulling manifest [K
pulling 2049f5674b1e:  40% ▕███████           ▏ 3.6 GB/9.0 GB  1.7 MB/s  53m21s[K[?25h[?2026l[?2026h[?25l[A[1Gpulling manifest [K
pulling 2049f5674b1e:  40% ▕███████           ▏ 3.6 GB/9.0 GB  1.7 MB/s  53m21s[K[?25h[?2026l[?2026h[?25l[A[1Gpulling manifest [K
pulling 2049f5674b1e:  40% ▕███████           ▏ 3.6 GB/9.0 GB  1.7 MB/s  53m21s[K[?25h[?2026l[?2026h[?25l[A[1Gpulling manifest [K
pulling 2049f5674b1e:  40% ▕███████           ▏ 3.6 GB/9.0 GB  1.7 MB/s  53m21s[K[?25h[?2026l[?2026h[?25l[A[1Gpulling manifest [K
pulling 2049f5674b1e:  40% ▕███████           ▏ 3.6 GB/9.0 GB  1.7 MB/s  54m16s[K[?25h[?2026l[?2026h[?25l[A[1Gpulling manifest [K
pulling 2049f5674b1e:  40% ▕███████           ▏ 3.6 GB/9.0 GB  1.7 MB/s  54m15s[K[?25h[?2026l[?2026h[?25l[A[1Gpulling manifest [K
pulling 2049f5674b1e:  40% ▕███████           ▏ 3.6 GB/9.0 GB  1.7 MB/s  54m15s[K[?25h[?2026l[?2026h[?25l[A[1Gpulling manifest [K
pulling 2049f5674b1e:  40% ▕███████           ▏ 3.6 GB/9.0 GB  1.7 MB/s  54m15s[K[?25h[?2026l[?2026h[?25l[A[1Gpulling manifest [K
pulling 2049f5674b1e:  40% ▕███████           ▏ 3.6 GB/9.0 GB  1.7 MB/s  54m15s[K[?25h[?2026l[?2026h[?25l[A[1Gpulling manifest [K
pulling 2049f5674b1e:  40% ▕███████           ▏ 3.6 GB/9.0 GB  1.7 MB/s  54m15s[K[?25h[?2026l[?2026h[?25l[A[1Gpulling manifest [K
pulling 2049f5674b1e:  40% ▕███████           ▏ 3.6 GB/9.0 GB  1.7 MB/s  54m15s[K[?25h[?2026l[?2026h[?25l[A[1Gpulling manifest [K
pulling 2049f5674b1e:  40% ▕███████           ▏ 3.6 GB/9.0 GB  1.7 MB/s  54m15s[K[?25h[?2026l[?2026h[?25l[A[1Gpulling manifest [K
pulling 2049f5674b1e:  40% ▕███████           ▏ 3.6 GB/9.0 GB  1.7 MB/s  54m15s[K[?25h[?2026l[?2026h[?25l[A[1Gpulling manifest [K
pulling 2049f5674b1e:  40% ▕███████           ▏ 3.6 GB/9.0 GB  1.7 MB/s  54m15s[K[?25h[?2026l[?2026h[?25l[A[1Gpulling manifest [K
pulling 2049f5674b1e:  40% ▕███████           ▏ 3.6 GB/9.0 GB  1.6 MB/s  54m52s[K[?25h[?2026l[?2026h[?25l[A[1Gpulling manifest [K
pulling 2049f5674b1e:  40% ▕███████           ▏ 3.6 GB/9.0 GB  1.6 MB/s  54m52s[K[?25h[?2026l[?2026h[?25l[A[1Gpulling manifest [K
pulling 2049f5674b1e:  40% ▕███████           ▏ 3.6 GB/9.0 GB  1.6 MB/s  54m51s[K[?25h[?2026l[?2026h[?25l[A[1Gpulling manifest [K
pulling 2049f5674b1e:  40% ▕███████           ▏ 3.6 GB/9.0 GB  1.6 MB/s  54m51s[K[?25h[?2026l[?2026h[?25l[A[1Gpulling manifest [K
pulling 2049f5674b1e:  40% ▕███████           ▏ 3.6 GB/9.0 GB  1.6 MB/s  54m51s[K[?25h[?2026l[?2026h[?25l[A[1Gpulling manifest [K
pulling 2049f5674b1e:  40% ▕███████           ▏ 3.6 GB/9.0 GB  1.6 MB/s  54m51s[K[?25h[?2026l[?2026h[?25l[A[1Gpulling manifest [K
pulling 2049f5674b1e:  40% ▕███████           ▏ 3.6 GB/9.0 GB  1.6 MB/s  54m51s[K[?25h[?2026l[?2026h[?25l[A[1Gpulling manifest [K
pulling 2049f5674b1e:  40% ▕███████           ▏ 3.6 GB/9.0 GB  1.6 MB/s  54m51s[K[?25h[?2026l[?2026h[?25l[A[1Gpulling manifest [K
pulling 2049f5674b1e:  40% ▕███████           ▏ 3.6 GB/9.0 GB  1.6 MB/s  54m51s[K[?25h[?2026l[?2026h[?25l[A[1Gpulling manifest [K
pulling 2049f5674b1e:  40% ▕███████           ▏ 3.6 GB/9.0 GB  1.6 MB/s  54m51s[K[?25h[?2026l[?2026h[?25l[A[1Gpulling manifest [K
pulling 2049f5674b1e:  40% ▕███████           ▏ 3.6 GB/9.0 GB  1.6 MB/s  54m18s[K[?25h[?2026l[?2026h[?25l[A[1Gpulling manifest [K
pulling 2049f5674b1e:  40% ▕███████           ▏ 3.6 GB/9.0 GB  1.6 MB/s  54m18s[K[?25h[?2026l[?2026h[?25l[A[1Gpulling manifest [K
pulling 2049f5674b1e:  40% ▕███████           ▏ 3.6 GB/9.0 GB  1.6 MB/s  54m18s[K[?25h[?2026l[?2026h[?25l[A[1Gpulling manifest [K
pulling 2049f5674b1e:  40% ▕███████           ▏ 3.6 GB/9.0 GB  1.6 MB/s  54m18s[K[?25h[?2026l[?2026h[?25l[A[1Gpulling manifest [K
pulling 2049f5674b1e:  40% ▕███████           ▏ 3.6 GB/9.0 GB  1.6 MB/s  54m18s[K[?25h[?2026l[?2026h[?25l[A[1Gpulling manifest [K
pulling 2049f5674b1e:  40% ▕███████           ▏ 3.6 GB/9.0 GB  1.6 MB/s  54m18s[K[?25h[?2026l[?2026h[?25l[A[1Gpulling manifest [K
pulling 2049f5674b1e:  40% ▕███████           ▏ 3.6 GB/9.0 GB  1.6 MB/s  54m18s[K[?25h[?2026l[?2026h[?25l[A[1Gpulling manifest [K
pulling 2049f5674b1e:  40% ▕███████           ▏ 3.6 GB/9.0 GB  1.6 MB/s  54m18s[K[?25h[?2026l[?2026h[?25l[A[1Gpulling manifest [K
pulling 2049f5674b1e:  40% ▕███████           ▏ 3.6 GB/9.0 GB  1.6 MB/s  54m18s[K[?25h[?2026l[?2026h[?25l[A[1Gpulling manifest [K
pulling 2049f5674b1e:  40% ▕███████           ▏ 3.6 GB/9.0 GB  1.6 MB/s  54m17s[K[?25h[?2026l[?2026h[?25l[A[1Gpulling manifest [K
pulling 2049f5674b1e:  40% ▕███████           ▏ 3.6 GB/9.0 GB  1.7 MB/s   54m7s[K[?25h[?2026l[?2026h[?25l[A[1Gpulling manifest [K
pulling 2049f5674b1e:  40% ▕███████           ▏ 3.6 GB/9.0 GB  1.7 MB/s   54m7s[K[?25h[?2026l[?2026h[?25l[A[1Gpulling manifest [K
pulling 2049f5674b1e:  40% ▕███████           ▏ 3.6 GB/9.0 GB  1.7 MB/s   54m7s[K[?25h[?2026l[?2026h[?25l[A[1Gpulling manifest [K
pulling 2049f5674b1e:  40% ▕███████           ▏ 3.6 GB/9.0 GB  1.7 MB/s   54m7s[K[?25h[?2026l[?2026h[?25l[A[1Gpulling manifest [K
pulling 2049f5674b1e:  40% ▕███████           ▏ 3.6 GB/9.0 GB  1.7 MB/s   54m7s[K[?25h[?2026l[?2026h[?25l[A[1Gpulling manifest [K
pulling 2049f5674b1e:  40% ▕███████           ▏ 3.6 GB/9.0 GB  1.7 MB/s   54m7s[K[?25h[?2026l[?2026h[?25l[A[1Gpulling manifest [K
pulling 2049f5674b1e:  40% ▕███████           ▏ 3.6 GB/9.0 GB  1.7 MB/s   54m7s[K[?25h[?2026l[?2026h[?25l[A[1Gpulling manifest [K
pulling 2049f5674b1e:  40% ▕███████           ▏ 3.6 GB/9.0 GB  1.7 MB/s   54m7s[K[?25h[?2026l[?2026h[?25l[A[1Gpulling manifest [K
pulling 2049f5674b1e:  40% ▕███████           ▏ 3.6 GB/9.0 GB  1.7 MB/s   54m7s[K[?25h[?2026l[?2026h[?25l[A[1Gpulling manifest [K
pulling 2049f5674b1e:  40% ▕███████           ▏ 3.6 GB/9.0 GB  1.7 MB/s   54m6s[K[?25h[?2026l[?2026h[?25l[A[1Gpulling manifest [K
pulling 2049f5674b1e:  40% ▕███████           ▏ 3.6 GB/9.0 GB  1.7 MB/s  53m49s[K[?25h[?2026l[?2026h[?25l[A[1Gpulling manifest [K
pulling 2049f5674b1e:  40% ▕███████           ▏ 3.6 GB/9.0 GB  1.7 MB/s  53m49s[K[?25h[?2026l[?2026h[?25l[A[1Gpulling manifest [K
pulling 2049f5674b1e:  40% ▕███████           ▏ 3.6 GB/9.0 GB  1.7 MB/s  53m49s[K[?25h[?2026l[?2026h[?25l[A[1Gpulling manifest [K
pulling 2049f5674b1e:  40% ▕███████           ▏ 3.6 GB/9.0 GB  1.7 MB/s  53m48s[K[?25h[?2026l[?2026h[?25l[A[1Gpulling manifest [K
pulling 2049f5674b1e:  40% ▕███████           ▏ 3.6 GB/9.0 GB  1.7 MB/s  53m48s[K[?25h[?2026l[?2026h[?25l[A[1Gpulling manifest [K
pulling 2049f5674b1e:  40% ▕███████           ▏ 3.6 GB/9.0 GB  1.7 MB/s  53m48s[K[?25h[?2026l[?2026h[?25l[A[1Gpulling manifest [K
pulling 2049f5674b1e:  40% ▕███████           ▏ 3.6 GB/9.0 GB  1.7 MB/s  53m48s[K[?25h[?2026l[?2026h[?25l[A[1Gpulling manifest [K
pulling 2049f5674b1e:  40% ▕███████           ▏ 3.6 GB/9.0 GB  1.7 MB/s  53m48s[K[?25h[?2026l[?2026h[?25l[A[1Gpulling manifest [K
pulling 2049f5674b1e:  40% ▕███████           ▏ 3.6 GB/9.0 GB  1.7 MB/s  53m48s[K[?25h[?2026l[?2026h[?25l[A[1Gpulling manifest [K
pulling 2049f5674b1e:  40% ▕███████           ▏ 3.6 GB/9.0 GB  1.7 MB/s  53m48s[K[?25h[?2026l[?2026h[?25l[A[1Gpulling manifest [K
pulling 2049f5674b1e:  40% ▕███████           ▏ 3.6 GB/9.0 GB  1.7 MB/s  53m48s[K[?25h[?2026l[?2026h[?25l[A[1Gpulling manifest [K
pulling 2049f5674b1e:  40% ▕███████           ▏ 3.6 GB/9.0 GB  1.6 MB/s  55m27s[K[?25h[?2026l[?2026h[?25l[A[1Gpulling manifest [K
pulling 2049f5674b1e:  40% ▕███████           ▏ 3.6 GB/9.0 GB  1.6 MB/s  55m27s[K[?25h[?2026l[?2026h[?25l[A[1Gpulling manifest [K
pulling 2049f5674b1e:  40% ▕███████           ▏ 3.6 GB/9.0 GB  1.6 MB/s  55m27s[K[?25h[?2026l[?2026h[?25l[A[1Gpulling manifest [K
pulling 2049f5674b1e:  40% ▕███████           ▏ 3.6 GB/9.0 GB  1.6 MB/s  55m27s[K[?25h[?2026l[?2026h[?25l[A[1Gpulling manifest [K
pulling 2049f5674b1e:  40% ▕███████           ▏ 3.6 GB/9.0 GB  1.6 MB/s  55m26s[K[?25h[?2026l[?2026h[?25l[A[1Gpulling manifest [K
pulling 2049f5674b1e:  40% ▕███████           ▏ 3.6 GB/9.0 GB  1.6 MB/s  55m26s[K[?25h[?2026l[?2026h[?25l[A[1Gpulling manifest [K
pulling 2049f5674b1e:  40% ▕███████           ▏ 3.6 GB/9.0 GB  1.6 MB/s  55m26s[K[?25h[?2026l[?2026h[?25l[A[1Gpulling manifest [K
pulling 2049f5674b1e:  40% ▕███████           ▏ 3.6 GB/9.0 GB  1.6 MB/s  55m26s[K[?25h[?2026l[?2026h[?25l[A[1Gpulling manifest [K
pulling 2049f5674b1e:  40% ▕███████           ▏ 3.6 GB/9.0 GB  1.6 MB/s  55m26s[K[?25h[?2026l[?2026h[?25l[A[1Gpulling manifest [K
pulling 2049f5674b1e:  40% ▕███████           ▏ 3.6 GB/9.0 GB  1.6 MB/s  55m26s[K[?25h[?2026l[?2026h[?25l[A[1Gpulling manifest [K
pulling 2049f5674b1e:  40% ▕███████           ▏ 3.6 GB/9.0 GB  1.7 MB/s  53m49s[K[?25h[?2026l[?2026h[?25l[A[1Gpulling manifest [K
pulling 2049f5674b1e:  40% ▕███████           ▏ 3.6 GB/9.0 GB  1.7 MB/s  53m48s[K[?25h[?2026l[?2026h[?25l[A[1Gpulling manifest [K
pulling 2049f5674b1e:  40% ▕███████           ▏ 3.6 GB/9.0 GB  1.7 MB/s  53m48s[K[?25h[?2026l[?2026h[?25l[A[1Gpulling manifest [K
pulling 2049f5674b1e:  40% ▕███████           ▏ 3.6 GB/9.0 GB  1.7 MB/s  53m48s[K[?25h[?2026l[?2026h[?25l[A[1Gpulling manifest [K
pulling 2049f5674b1e:  40% ▕███████           ▏ 3.6 GB/9.0 GB  1.7 MB/s  53m48s[K[?25h[?2026l[?2026h[?25l[A[1Gpulling manifest [K
pulling 2049f5674b1e:  40% ▕███████           ▏ 3.6 GB/9.0 GB  1.7 MB/s  53m48s[K[?25h[?2026l[?2026h[?25l[A[1Gpulling manifest [K
pulling 2049f5674b1e:  40% ▕███████           ▏ 3.6 GB/9.0 GB  1.7 MB/s  53m48s[K[?25h[?2026l[?2026h[?25l[A[1Gpulling manifest [K
pulling 2049f5674b1e:  40% ▕███████           ▏ 3.6 GB/9.0 GB  1.7 MB/s  53m48s[K[?25h[?2026l[?2026h[?25l[A[1Gpulling manifest [K
pulling 2049f5674b1e:  40% ▕███████           ▏ 3.6 GB/9.0 GB  1.7 MB/s  53m48s[K[?25h[?2026l[?2026h[?25l[A[1Gpulling manifest [K
pulling 2049f5674b1e:  40% ▕███████           ▏ 3.6 GB/9.0 GB  1.7 MB/s  53m48s[K[?25h[?2026l[?2026h[?25l[A[1Gpulling manifest [K
pulling 2049f5674b1e:  40% ▕███████           ▏ 3.6 GB/9.0 GB  1.7 MB/s  53m44s[K[?25h[?2026l[?2026h[?25l[A[1Gpulling manifest [K
pulling 2049f5674b1e:  40% ▕███████           ▏ 3.6 GB/9.0 GB  1.7 MB/s  53m44s[K[?25h[?2026l[?2026h[?25l[A[1Gpulling manifest [K
pulling 2049f5674b1e:  40% ▕███████           ▏ 3.6 GB/9.0 GB  1.7 MB/s  53m44s[K[?25h[?2026l[?2026h[?25l[A[1Gpulling manifest [K
pulling 2049f5674b1e:  40% ▕███████           ▏ 3.6 GB/9.0 GB  1.7 MB/s  53m44s[K[?25h[?2026l[?2026h[?25l[A[1Gpulling manifest [K
pulling 2049f5674b1e:  40% ▕███████           ▏ 3.6 GB/9.0 GB  1.7 MB/s  53m44s[K[?25h[?2026l[?2026h[?25l[A[1Gpulling manifest [K
pulling 2049f5674b1e:  40% ▕███████           ▏ 3.6 GB/9.0 GB  1.7 MB/s  53m44s[K[?25h[?2026l[?2026h[?25l[A[1Gpulling manifest [K
pulling 2049f5674b1e:  40% ▕███████           ▏ 3.6 GB/9.0 GB  1.7 MB/s  53m44s[K[?25h[?2026l[?2026h[?25l[A[1Gpulling manifest [K
pulling 2049f5674b1e:  40% ▕███████           ▏ 3.6 GB/9.0 GB  1.7 MB/s  53m44s[K[?25h[?2026l[?2026h[?25l[A[1Gpulling manifest [K
pulling 2049f5674b1e:  40% ▕███████           ▏ 3.6 GB/9.0 GB  1.7 MB/s  53m43s[K[?25h[?2026l[?2026h[?25l[A[1Gpulling manifest [K
pulling 2049f5674b1e:  40% ▕███████           ▏ 3.6 GB/9.0 GB  1.7 MB/s  53m43s[K[?25h[?2026l[?2026h[?25l[A[1Gpulling manifest [K
pulling 2049f5674b1e:  40% ▕███████           ▏ 3.6 GB/9.0 GB  1.6 MB/s  54m19s[K[?25h[?2026l[?2026h[?25l[A[1Gpulling manifest [K
pulling 2049f5674b1e:  40% ▕███████           ▏ 3.6 GB/9.0 GB  1.6 MB/s  54m19s[K[?25h[?2026l[?2026h[?25l[A[1Gpulling manifest [K
pulling 2049f5674b1e:  40% ▕███████           ▏ 3.6 GB/9.0 GB  1.6 MB/s  54m18s[K[?25h[?2026l[?2026h[?25l[A[1Gpulling manifest [K
pulling 2049f5674b1e:  40% ▕███████           ▏ 3.6 GB/9.0 GB  1.6 MB/s  54m18s[K[?25h[?2026l[?2026h[?25l[A[1Gpulling manifest [K
pulling 2049f5674b1e:  40% ▕███████           ▏ 3.6 GB/9.0 GB  1.6 MB/s  54m18s[K[?25h[?2026l[?2026h[?25l[A[1Gpulling manifest [K
pulling 2049f5674b1e:  40% ▕███████           ▏ 3.6 GB/9.0 GB  1.6 MB/s  54m18s[K[?25h[?2026l[?2026h[?25l[A[1Gpulling manifest [K
pulling 2049f5674b1e:  40% ▕███████           ▏ 3.6 GB/9.0 GB  1.6 MB/s  54m18s[K[?25h[?2026l[?2026h[?25l[A[1Gpulling manifest [K
pulling 2049f5674b1e:  40% ▕███████           ▏ 3.6 GB/9.0 GB  1.6 MB/s  54m18s[K[?25h[?2026l[?2026h[?25l[A[1Gpulling manifest [K
pulling 2049f5674b1e:  40% ▕███████           ▏ 3.6 GB/9.0 GB  1.6 MB/s  54m18s[K[?25h[?2026l[?2026h[?25l[A[1Gpulling manifest [K
pulling 2049f5674b1e:  40% ▕███████           ▏ 3.6 GB/9.0 GB  1.6 MB/s  54m18s[K[?25h[?2026l[?2026h[?25l[A[1Gpulling manifest [K
pulling 2049f5674b1e:  40% ▕███████           ▏ 3.6 GB/9.0 GB  1.7 MB/s  52m57s[K[?25h[?2026l[?2026h[?25l[A[1Gpulling manifest [K
pulling 2049f5674b1e:  40% ▕███████           ▏ 3.6 GB/9.0 GB  1.7 MB/s  52m57s[K[?25h[?2026l[?2026h[?25l[A[1Gpulling manifest [K
pulling 2049f5674b1e:  40% ▕███████           ▏ 3.6 GB/9.0 GB  1.7 MB/s  52m57s[K[?25h[?2026l[?2026h[?25l[A[1Gpulling manifest [K
pulling 2049f5674b1e:  40% ▕███████           ▏ 3.6 GB/9.0 GB  1.7 MB/s  52m57s[K[?25h[?2026l[?2026h[?25l[A[1Gpulling manifest [K
pulling 2049f5674b1e:  40% ▕███████           ▏ 3.6 GB/9.0 GB  1.7 MB/s  52m57s[K[?25h[?2026l[?2026h[?25l[A[1Gpulling manifest [K
pulling 2049f5674b1e:  40% ▕███████           ▏ 3.6 GB/9.0 GB  1.7 MB/s  52m57s[K[?25h[?2026l[?2026h[?25l[A[1Gpulling manifest [K
pulling 2049f5674b1e:  40% ▕███████           ▏ 3.6 GB/9.0 GB  1.7 MB/s  52m56s[K[?25h[?2026l[?2026h[?25l[A[1Gpulling manifest [K
pulling 2049f5674b1e:  40% ▕███████           ▏ 3.6 GB/9.0 GB  1.7 MB/s  52m56s[K[?25h[?2026l[?2026h[?25l[A[1Gpulling manifest [K
pulling 2049f5674b1e:  40% ▕███████           ▏ 3.6 GB/9.0 GB  1.7 MB/s  52m56s[K[?25h[?2026l[?2026h[?25l[A[1Gpulling manifest [K
pulling 2049f5674b1e:  40% ▕███████           ▏ 3.6 GB/9.0 GB  1.7 MB/s  52m56s[K[?25h[?2026l[?2026h[?25l[A[1Gpulling manifest [K
pulling 2049f5674b1e:  40% ▕███████           ▏ 3.6 GB/9.0 GB  1.7 MB/s  52m56s[K[?25h[?2026l[?2026h[?25l[A[1Gpulling manifest [K
pulling 2049f5674b1e:  40% ▕███████           ▏ 3.6 GB/9.0 GB  1.7 MB/s  52m39s[K[?25h[?2026l[?2026h[?25l[A[1Gpulling manifest [K
pulling 2049f5674b1e:  40% ▕███████           ▏ 3.6 GB/9.0 GB  1.7 MB/s  52m39s[K[?25h[?2026l[?2026h[?25l[A[1Gpulling manifest [K
pulling 2049f5674b1e:  40% ▕███████           ▏ 3.6 GB/9.0 GB  1.7 MB/s  52m39s[K[?25h[?2026l[?2026h[?25l[A[1Gpulling manifest [K
pulling 2049f5674b1e:  40% ▕███████           ▏ 3.6 GB/9.0 GB  1.7 MB/s  52m39s[K[?25h[?2026l[?2026h[?25l[A[1Gpulling manifest [K
pulling 2049f5674b1e:  40% ▕███████           ▏ 3.6 GB/9.0 GB  1.7 MB/s  52m39s[K[?25h[?2026l[?2026h[?25l[A[1Gpulling manifest [K
pulling 2049f5674b1e:  40% ▕███████           ▏ 3.6 GB/9.0 GB  1.7 MB/s  52m39s[K[?25h[?2026l[?2026h[?25l[A[1Gpulling manifest [K
pulling 2049f5674b1e:  40% ▕███████           ▏ 3.6 GB/9.0 GB  1.7 MB/s  52m39s[K[?25h[?2026l[?2026h[?25l[A[1Gpulling manifest [K
pulling 2049f5674b1e:  40% ▕███████           ▏ 3.6 GB/9.0 GB  1.7 MB/s  52m39s[K[?25h[?2026l[?2026h[?25l[A[1Gpulling manifest [K
pulling 2049f5674b1e:  40% ▕███████           ▏ 3.6 GB/9.0 GB  1.7 MB/s  52m38s[K[?25h[?2026l[?2026h[?25l[A[1Gpulling manifest [K
pulling 2049f5674b1e:  40% ▕███████           ▏ 3.6 GB/9.0 GB  1.7 MB/s  52m38s[K[?25h[?2026l[?2026h[?25l[A[1Gpulling manifest [K
pulling 2049f5674b1e:  40% ▕███████           ▏ 3.6 GB/9.0 GB  1.7 MB/s  53m25s[K[?25h[?2026l[?2026h[?25l[A[1Gpulling manifest [K
pulling 2049f5674b1e:  40% ▕███████           ▏ 3.6 GB/9.0 GB  1.7 MB/s  53m25s[K[?25h[?2026l[?2026h[?25l[A[1Gpulling manifest [K
pulling 2049f5674b1e:  40% ▕███████           ▏ 3.6 GB/9.0 GB  1.7 MB/s  53m25s[K[?25h[?2026l[?2026h[?25l[A[1Gpulling manifest [K
pulling 2049f5674b1e:  40% ▕███████           ▏ 3.6 GB/9.0 GB  1.7 MB/s  53m25s[K[?25h[?2026l[?2026h[?25l[A[1Gpulling manifest [K
pulling 2049f5674b1e:  40% ▕███████           ▏ 3.6 GB/9.0 GB  1.7 MB/s  53m25s[K[?25h[?2026l[?2026h[?25l[A[1Gpulling manifest [K
pulling 2049f5674b1e:  40% ▕███████           ▏ 3.6 GB/9.0 GB  1.7 MB/s  53m25s[K[?25h[?2026l[?2026h[?25l[A[1Gpulling manifest [K
pulling 2049f5674b1e:  40% ▕███████           ▏ 3.6 GB/9.0 GB  1.7 MB/s  53m24s[K[?25h[?2026l[?2026h[?25l[A[1Gpulling manifest [K
pulling 2049f5674b1e:  40% ▕███████           ▏ 3.6 GB/9.0 GB  1.7 MB/s  53m24s[K[?25h[?2026l[?2026h[?25l[A[1Gpulling manifest [K
pulling 2049f5674b1e:  40% ▕███████           ▏ 3.6 GB/9.0 GB  1.7 MB/s  53m24s[K[?25h[?2026l[?2026h[?25l[A[1Gpulling manifest [K
pulling 2049f5674b1e:  40% ▕███████           ▏ 3.6 GB/9.0 GB  1.7 MB/s  53m24s[K[?25h[?2026l[?2026h[?25l[A[1Gpulling manifest [K
pulling 2049f5674b1e:  40% ▕███████           ▏ 3.6 GB/9.0 GB  1.7 MB/s  53m25s[K[?25h[?2026l[?2026h[?25l[A[1Gpulling manifest [K
pulling 2049f5674b1e:  40% ▕███████           ▏ 3.6 GB/9.0 GB  1.7 MB/s  53m25s[K[?25h[?2026l[?2026h[?25l[A[1Gpulling manifest [K
pulling 2049f5674b1e:  40% ▕███████           ▏ 3.6 GB/9.0 GB  1.7 MB/s  53m25s[K[?25h[?2026l[?2026h[?25l[A[1Gpulling manifest [K
pulling 2049f5674b1e:  40% ▕███████           ▏ 3.6 GB/9.0 GB  1.7 MB/s  53m25s[K[?25h[?2026l[?2026h[?25l[A[1Gpulling manifest [K
pulling 2049f5674b1e:  40% ▕███████           ▏ 3.6 GB/9.0 GB  1.7 MB/s  53m25s[K[?25h[?2026l[?2026h[?25l[A[1Gpulling manifest [K
pulling 2049f5674b1e:  40% ▕███████           ▏ 3.6 GB/9.0 GB  1.7 MB/s  53m24s[K[?25h[?2026l[?2026h[?25l[A[1Gpulling manifest [K
pulling 2049f5674b1e:  40% ▕███████           ▏ 3.6 GB/9.0 GB  1.7 MB/s  53m24s[K[?25h[?2026l[?2026h[?25l[A[1Gpulling manifest [K
pulling 2049f5674b1e:  40% ▕███████           ▏ 3.6 GB/9.0 GB  1.7 MB/s  53m24s[K[?25h[?2026l[?2026h[?25l[A[1Gpulling manifest [K
pulling 2049f5674b1e:  40% ▕███████           ▏ 3.6 GB/9.0 GB  1.7 MB/s  53m24s[K[?25h[?2026l[?2026h[?25l[A[1Gpulling manifest [K
pulling 2049f5674b1e:  40% ▕███████           ▏ 3.6 GB/9.0 GB  1.7 MB/s  53m24s[K[?25h[?2026l[?2026h[?25l[A[1Gpulling manifest [K
pulling 2049f5674b1e:  40% ▕███████           ▏ 3.6 GB/9.0 GB  1.7 MB/s  53m35s[K[?25h[?2026l[?2026h[?25l[A[1Gpulling manifest [K
pulling 2049f5674b1e:  40% ▕███████           ▏ 3.6 GB/9.0 GB  1.7 MB/s  53m35s[K[?25h[?2026l[?2026h[?25l[A[1Gpulling manifest [K
pulling 2049f5674b1e:  40% ▕███████           ▏ 3.6 GB/9.0 GB  1.7 MB/s  53m35s[K[?25h[?2026l[?2026h[?25l[A[1Gpulling manifest [K
pulling 2049f5674b1e:  40% ▕███████           ▏ 3.6 GB/9.0 GB  1.7 MB/s  53m35s[K[?25h[?2026l[?2026h[?25l[A[1Gpulling manifest [K
pulling 2049f5674b1e:  40% ▕███████           ▏ 3.6 GB/9.0 GB  1.7 MB/s  53m35s[K[?25h[?2026l[?2026h[?25l[A[1Gpulling manifest [K
pulling 2049f5674b1e:  40% ▕███████           ▏ 3.6 GB/9.0 GB  1.7 MB/s  53m35s[K[?25h[?2026l[?2026h[?25l[A[1Gpulling manifest [K
pulling 2049f5674b1e:  40% ▕███████           ▏ 3.6 GB/9.0 GB  1.7 MB/s  53m35s[K[?25h[?2026l[?2026h[?25l[A[1Gpulling manifest [K
pulling 2049f5674b1e:  40% ▕███████           ▏ 3.6 GB/9.0 GB  1.7 MB/s  53m35s[K[?25h[?2026l[?2026h[?25l[A[1Gpulling manifest [K
pulling 2049f5674b1e:  40% ▕███████           ▏ 3.6 GB/9.0 GB  1.7 MB/s  53m35s[K[?25h[?2026l[?2026h[?25l[A[1Gpulling manifest [K
pulling 2049f5674b1e:  40% ▕███████           ▏ 3.6 GB/9.0 GB  1.7 MB/s  53m35s[K[?25h[?2026l[?2026h[?25l[A[1Gpulling manifest [K
pulling 2049f5674b1e:  40% ▕███████           ▏ 3.6 GB/9.0 GB  1.7 MB/s  52m43s[K[?25h[?2026l[?2026h[?25l[A[1Gpulling manifest [K
pulling 2049f5674b1e:  40% ▕███████           ▏ 3.6 GB/9.0 GB  1.7 MB/s  52m43s[K[?25h[?2026l[?2026h[?25l[A[1Gpulling manifest [K
pulling 2049f5674b1e:  40% ▕███████           ▏ 3.6 GB/9.0 GB  1.7 MB/s  52m42s[K[?25h[?2026l[?2026h[?25l[A[1Gpulling manifest [K
pulling 2049f5674b1e:  40% ▕███████           ▏ 3.6 GB/9.0 GB  1.7 MB/s  52m42s[K[?25h[?2026l[?2026h[?25l[A[1Gpulling manifest [K
pulling 2049f5674b1e:  40% ▕███████           ▏ 3.6 GB/9.0 GB  1.7 MB/s  52m42s[K[?25h[?2026l[?2026h[?25l[A[1Gpulling manifest [K
pulling 2049f5674b1e:  40% ▕███████           ▏ 3.6 GB/9.0 GB  1.7 MB/s  52m42s[K[?25h[?2026l[?2026h[?25l[A[1Gpulling manifest [K
pulling 2049f5674b1e:  40% ▕███████           ▏ 3.6 GB/9.0 GB  1.7 MB/s  52m42s[K[?25h[?2026l[?2026h[?25l[A[1Gpulling manifest [K
pulling 2049f5674b1e:  40% ▕███████           ▏ 3.6 GB/9.0 GB  1.7 MB/s  52m42s[K[?25h[?2026l[?2026h[?25l[A[1Gpulling manifest [K
pulling 2049f5674b1e:  40% ▕███████           ▏ 3.6 GB/9.0 GB  1.7 MB/s  52m42s[K[?25h[?2026l[?2026h[?25l[A[1Gpulling manifest [K
pulling 2049f5674b1e:  40% ▕███████           ▏ 3.6 GB/9.0 GB  1.7 MB/s  52m42s[K[?25h[?2026l[?2026h[?25l[A[1Gpulling manifest [K
pulling 2049f5674b1e:  40% ▕███████           ▏ 3.6 GB/9.0 GB  1.7 MB/s  52m42s[K[?25h[?2026l[?2026h[?25l[A[1Gpulling manifest [K
pulling 2049f5674b1e:  40% ▕███████           ▏ 3.6 GB/9.0 GB  1.7 MB/s   52m5s[K[?25h[?2026l[?2026h[?25l[A[1Gpulling manifest [K
pulling 2049f5674b1e:  40% ▕███████           ▏ 3.6 GB/9.0 GB  1.7 MB/s   52m5s[K[?25h[?2026l[?2026h[?25l[A[1Gpulling manifest [K
pulling 2049f5674b1e:  40% ▕███████           ▏ 3.6 GB/9.0 GB  1.7 MB/s   52m5s[K[?25h[?2026l[?2026h[?25l[A[1Gpulling manifest [K
pulling 2049f5674b1e:  40% ▕███████           ▏ 3.6 GB/9.0 GB  1.7 MB/s   52m5s[K[?25h[?2026l[?2026h[?25l[A[1Gpulling manifest [K
pulling 2049f5674b1e:  40% ▕███████           ▏ 3.6 GB/9.0 GB  1.7 MB/s   52m5s[K[?25h[?2026l[?2026h[?25l[A[1Gpulling manifest [K
pulling 2049f5674b1e:  40% ▕███████           ▏ 3.6 GB/9.0 GB  1.7 MB/s   52m5s[K[?25h[?2026l[?2026h[?25l[A[1Gpulling manifest [K
pulling 2049f5674b1e:  40% ▕███████           ▏ 3.6 GB/9.0 GB  1.7 MB/s   52m5s[K[?25h[?2026l[?2026h[?25l[A[1Gpulling manifest [K
pulling 2049f5674b1e:  40% ▕███████           ▏ 3.6 GB/9.0 GB  1.7 MB/s   52m5s[K[?25h[?2026l[?2026h[?25l[A[1Gpulling manifest [K
pulling 2049f5674b1e:  40% ▕███████           ▏ 3.6 GB/9.0 GB  1.7 MB/s   52m4s[K[?25h[?2026l[?2026h[?25l[A[1Gpulling manifest [K
pulling 2049f5674b1e:  40% ▕███████           ▏ 3.6 GB/9.0 GB  1.7 MB/s   52m4s[K[?25h[?2026l[?2026h[?25l[A[1Gpulling manifest [K
pulling 2049f5674b1e:  40% ▕███████           ▏ 3.6 GB/9.0 GB  1.7 MB/s  52m34s[K[?25h[?2026l[?2026h[?25l[A[1Gpulling manifest [K
pulling 2049f5674b1e:  40% ▕███████           ▏ 3.6 GB/9.0 GB  1.7 MB/s  52m34s[K[?25h[?2026l[?2026h[?25l[A[1Gpulling manifest [K
pulling 2049f5674b1e:  40% ▕███████           ▏ 3.6 GB/9.0 GB  1.7 MB/s  52m34s[K[?25h[?2026l[?2026h[?25l[A[1Gpulling manifest [K
pulling 2049f5674b1e:  40% ▕███████           ▏ 3.6 GB/9.0 GB  1.7 MB/s  52m34s[K[?25h[?2026l[?2026h[?25l[A[1Gpulling manifest [K
pulling 2049f5674b1e:  40% ▕███████           ▏ 3.6 GB/9.0 GB  1.7 MB/s  52m34s[K[?25h[?2026l[?2026h[?25l[A[1Gpulling manifest [K
pulling 2049f5674b1e:  40% ▕███████           ▏ 3.6 GB/9.0 GB  1.7 MB/s  52m33s[K[?25h[?2026l[?2026h[?25l[A[1Gpulling manifest [K
pulling 2049f5674b1e:  40% ▕███████           ▏ 3.6 GB/9.0 GB  1.7 MB/s  52m33s[K[?25h[?2026l[?2026h[?25l[A[1Gpulling manifest [K
pulling 2049f5674b1e:  40% ▕███████           ▏ 3.6 GB/9.0 GB  1.7 MB/s  52m33s[K[?25h[?2026l[?2026h[?25l[A[1Gpulling manifest [K
pulling 2049f5674b1e:  40% ▕███████           ▏ 3.6 GB/9.0 GB  1.7 MB/s  52m33s[K[?25h[?2026l[?2026h[?25l[A[1Gpulling manifest [K
pulling 2049f5674b1e:  40% ▕███████           ▏ 3.6 GB/9.0 GB  1.7 MB/s  52m33s[K[?25h[?2026l[?2026h[?25l[A[1Gpulling manifest [K
pulling 2049f5674b1e:  40% ▕███████           ▏ 3.6 GB/9.0 GB  1.7 MB/s  52m39s[K[?25h[?2026l[?2026h[?25l[A[1Gpulling manifest [K
pulling 2049f5674b1e:  40% ▕███████           ▏ 3.6 GB/9.0 GB  1.7 MB/s  52m39s[K[?25h[?2026l[?2026h[?25l[A[1Gpulling manifest [K
pulling 2049f5674b1e:  41% ▕███████           ▏ 3.6 GB/9.0 GB  1.7 MB/s  52m39s[K[?25h[?2026l[?2026h[?25l[A[1Gpulling manifest [K
pulling 2049f5674b1e:  41% ▕███████           ▏ 3.6 GB/9.0 GB  1.7 MB/s  52m39s[K[?25h[?2026l[?2026h[?25l[A[1Gpulling manifest [K
pulling 2049f5674b1e:  41% ▕███████           ▏ 3.6 GB/9.0 GB  1.7 MB/s  52m39s[K[?25h[?2026l[?2026h[?25l[A[1Gpulling manifest [K
pulling 2049f5674b1e:  41% ▕███████           ▏ 3.6 GB/9.0 GB  1.7 MB/s  52m38s[K[?25h[?2026l[?2026h[?25l[A[1Gpulling manifest [K
pulling 2049f5674b1e:  41% ▕███████           ▏ 3.6 GB/9.0 GB  1.7 MB/s  52m38s[K[?25h[?2026l[?2026h[?25l[A[1Gpulling manifest [K
pulling 2049f5674b1e:  41% ▕███████           ▏ 3.6 GB/9.0 GB  1.7 MB/s  52m38s[K[?25h[?2026l[?2026h[?25l[A[1Gpulling manifest [K
pulling 2049f5674b1e:  41% ▕███████           ▏ 3.6 GB/9.0 GB  1.7 MB/s  52m38s[K[?25h[?2026l[?2026h[?25l[A[1Gpulling manifest [K
pulling 2049f5674b1e:  41% ▕███████           ▏ 3.6 GB/9.0 GB  1.7 MB/s  52m38s[K[?25h[?2026l[?2026h[?25l[A[1Gpulling manifest [K
pulling 2049f5674b1e:  41% ▕███████           ▏ 3.6 GB/9.0 GB  1.7 MB/s  53m19s[K[?25h[?2026l[?2026h[?25l[A[1Gpulling manifest [K
pulling 2049f5674b1e:  41% ▕███████           ▏ 3.6 GB/9.0 GB  1.7 MB/s  53m18s[K[?25h[?2026l[?2026h[?25l[A[1Gpulling manifest [K
pulling 2049f5674b1e:  41% ▕███████           ▏ 3.6 GB/9.0 GB  1.7 MB/s  53m18s[K[?25h[?2026l[?2026h[?25l[A[1Gpulling manifest [K
pulling 2049f5674b1e:  41% ▕███████           ▏ 3.6 GB/9.0 GB  1.7 MB/s  53m18s[K[?25h[?2026l[?2026h[?25l[A[1Gpulling manifest [K
pulling 2049f5674b1e:  41% ▕███████           ▏ 3.6 GB/9.0 GB  1.7 MB/s  53m18s[K[?25h[?2026l[?2026h[?25l[A[1Gpulling manifest [K
pulling 2049f5674b1e:  41% ▕███████           ▏ 3.6 GB/9.0 GB  1.7 MB/s  53m18s[K[?25h[?2026l[?2026h[?25l[A[1Gpulling manifest [K
pulling 2049f5674b1e:  41% ▕███████           ▏ 3.6 GB/9.0 GB  1.7 MB/s  53m18s[K[?25h[?2026l[?2026h[?25l[A[1Gpulling manifest [K
pulling 2049f5674b1e:  41% ▕███████           ▏ 3.6 GB/9.0 GB  1.7 MB/s  53m18s[K[?25h[?2026l[?2026h[?25l[A[1Gpulling manifest [K
pulling 2049f5674b1e:  41% ▕███████           ▏ 3.6 GB/9.0 GB  1.7 MB/s  53m18s[K[?25h[?2026l[?2026h[?25l[A[1Gpulling manifest [K
pulling 2049f5674b1e:  41% ▕███████           ▏ 3.6 GB/9.0 GB  1.7 MB/s  53m18s[K[?25h[?2026l[?2026h[?25l[A[1Gpulling manifest [K
pulling 2049f5674b1e:  41% ▕███████           ▏ 3.6 GB/9.0 GB  1.7 MB/s   53m3s[K[?25h[?2026l[?2026h[?25l[A[1Gpulling manifest [K
pulling 2049f5674b1e:  41% ▕███████           ▏ 3.6 GB/9.0 GB  1.7 MB/s   53m3s[K[?25h[?2026l[?2026h[?25l[A[1Gpulling manifest [K
pulling 2049f5674b1e:  41% ▕███████           ▏ 3.6 GB/9.0 GB  1.7 MB/s   53m2s[K[?25h[?2026l[?2026h[?25l[A[1Gpulling manifest [K
pulling 2049f5674b1e:  41% ▕███████           ▏ 3.6 GB/9.0 GB  1.7 MB/s   53m2s[K[?25h[?2026l[?2026h[?25l[A[1Gpulling manifest [K
pulling 2049f5674b1e:  41% ▕███████           ▏ 3.6 GB/9.0 GB  1.7 MB/s   53m2s[K[?25h[?2026l[?2026h[?25l[A[1Gpulling manifest [K
pulling 2049f5674b1e:  41% ▕███████           ▏ 3.6 GB/9.0 GB  1.7 MB/s   53m2s[K[?25h[?2026l[?2026h[?25l[A[1Gpulling manifest [K
pulling 2049f5674b1e:  41% ▕███████           ▏ 3.6 GB/9.0 GB  1.7 MB/s   53m2s[K[?25h[?2026l[?2026h[?25l[A[1Gpulling manifest [K
pulling 2049f5674b1e:  41% ▕███████           ▏ 3.6 GB/9.0 GB  1.7 MB/s   53m2s[K[?25h[?2026l[?2026h[?25l[A[1Gpulling manifest [K
pulling 2049f5674b1e:  41% ▕███████           ▏ 3.6 GB/9.0 GB  1.7 MB/s   53m2s[K[?25h[?2026l[?2026h[?25l[A[1Gpulling manifest [K
pulling 2049f5674b1e:  41% ▕███████           ▏ 3.6 GB/9.0 GB  1.7 MB/s   53m2s[K[?25h[?2026l[?2026h[?25l[A[1Gpulling manifest [K
pulling 2049f5674b1e:  41% ▕███████           ▏ 3.6 GB/9.0 GB  1.7 MB/s   53m2s[K[?25h[?2026l[?2026h[?25l[A[1Gpulling manifest [K
pulling 2049f5674b1e:  41% ▕███████           ▏ 3.6 GB/9.0 GB  1.7 MB/s  52m20s[K[?25h[?2026l[?2026h[?25l[A[1Gpulling manifest [K
pulling 2049f5674b1e:  41% ▕███████           ▏ 3.6 GB/9.0 GB  1.7 MB/s  52m20s[K[?25h[?2026l[?2026h[?25l[A[1Gpulling manifest [K
pulling 2049f5674b1e:  41% ▕███████           ▏ 3.6 GB/9.0 GB  1.7 MB/s  52m20s[K[?25h[?2026l[?2026h[?25l[A[1Gpulling manifest [K
pulling 2049f5674b1e:  41% ▕███████           ▏ 3.6 GB/9.0 GB  1.7 MB/s  52m20s[K[?25h[?2026l[?2026h[?25l[A[1Gpulling manifest [K
pulling 2049f5674b1e:  41% ▕███████           ▏ 3.6 GB/9.0 GB  1.7 MB/s  52m19s[K[?25h[?2026l[?2026h[?25l[A[1Gpulling manifest [K
pulling 2049f5674b1e:  41% ▕███████           ▏ 3.6 GB/9.0 GB  1.7 MB/s  52m19s[K[?25h[?2026l[?2026h[?25l[A[1Gpulling manifest [K
pulling 2049f5674b1e:  41% ▕███████           ▏ 3.6 GB/9.0 GB  1.7 MB/s  52m19s[K[?25h[?2026l[?2026h[?25l[A[1Gpulling manifest [K
pulling 2049f5674b1e:  41% ▕███████           ▏ 3.6 GB/9.0 GB  1.7 MB/s  52m19s[K[?25h[?2026l[?2026h[?25l[A[1Gpulling manifest [K
pulling 2049f5674b1e:  41% ▕███████           ▏ 3.6 GB/9.0 GB  1.7 MB/s  52m19s[K[?25h[?2026l[?2026h[?25l[A[1Gpulling manifest [K
pulling 2049f5674b1e:  41% ▕███████           ▏ 3.6 GB/9.0 GB  1.7 MB/s  52m19s[K[?25h[?2026l[?2026h[?25l[A[1Gpulling manifest [K
pulling 2049f5674b1e:  41% ▕███████           ▏ 3.6 GB/9.0 GB  1.7 MB/s  52m36s[K[?25h[?2026l[?2026h[?25l[A[1Gpulling manifest [K
pulling 2049f5674b1e:  41% ▕███████           ▏ 3.6 GB/9.0 GB  1.7 MB/s  52m36s[K[?25h[?2026l[?2026h[?25l[A[1Gpulling manifest [K
pulling 2049f5674b1e:  41% ▕███████           ▏ 3.6 GB/9.0 GB  1.7 MB/s  52m36s[K[?25h[?2026l[?2026h[?25l[A[1Gpulling manifest [K
pulling 2049f5674b1e:  41% ▕███████           ▏ 3.6 GB/9.0 GB  1.7 MB/s  52m35s[K[?25h[?2026l[?2026h[?25l[A[1Gpulling manifest [K
pulling 2049f5674b1e:  41% ▕███████           ▏ 3.6 GB/9.0 GB  1.7 MB/s  52m35s[K[?25h[?2026l[?2026h[?25l[A[1Gpulling manifest [K
pulling 2049f5674b1e:  41% ▕███████           ▏ 3.6 GB/9.0 GB  1.7 MB/s  52m35s[K[?25h[?2026l[?2026h[?25l[A[1Gpulling manifest [K
pulling 2049f5674b1e:  41% ▕███████           ▏ 3.6 GB/9.0 GB  1.7 MB/s  52m35s[K[?25h[?2026l[?2026h[?25l[A[1Gpulling manifest [K
pulling 2049f5674b1e:  41% ▕███████           ▏ 3.6 GB/9.0 GB  1.7 MB/s  52m35s[K[?25h[?2026l[?2026h[?25l[A[1Gpulling manifest [K
pulling 2049f5674b1e:  41% ▕███████           ▏ 3.6 GB/9.0 GB  1.7 MB/s  52m35s[K[?25h[?2026l[?2026h[?25l[A[1Gpulling manifest [K
pulling 2049f5674b1e:  41% ▕███████           ▏ 3.6 GB/9.0 GB  1.7 MB/s  52m35s[K[?25h[?2026l[?2026h[?25l[A[1Gpulling manifest [K
pulling 2049f5674b1e:  41% ▕███████           ▏ 3.6 GB/9.0 GB  1.7 MB/s   53m8s[K[?25h[?2026l[?2026h[?25l[A[1Gpulling manifest [K
pulling 2049f5674b1e:  41% ▕███████           ▏ 3.6 GB/9.0 GB  1.7 MB/s   53m8s[K[?25h[?2026l[?2026h[?25l[A[1Gpulling manifest [K
pulling 2049f5674b1e:  41% ▕███████           ▏ 3.6 GB/9.0 GB  1.7 MB/s   53m8s[K[?25h[?2026l[?2026h[?25l[A[1Gpulling manifest [K
pulling 2049f5674b1e:  41% ▕███████           ▏ 3.6 GB/9.0 GB  1.7 MB/s   53m8s[K[?25h[?2026l[?2026h[?25l[A[1Gpulling manifest [K
pulling 2049f5674b1e:  41% ▕███████           ▏ 3.6 GB/9.0 GB  1.7 MB/s   53m7s[K[?25h[?2026l[?2026h[?25l[A[1Gpulling manifest [K
pulling 2049f5674b1e:  41% ▕███████           ▏ 3.6 GB/9.0 GB  1.7 MB/s   53m7s[K[?25h[?2026l[?2026h[?25l[A[1Gpulling manifest [K
pulling 2049f5674b1e:  41% ▕███████           ▏ 3.6 GB/9.0 GB  1.7 MB/s   53m7s[K[?25h[?2026l[?2026h[?25l[A[1Gpulling manifest [K
pulling 2049f5674b1e:  41% ▕███████           ▏ 3.6 GB/9.0 GB  1.7 MB/s   53m7s[K[?25h[?2026l[?2026h[?25l[A[1Gpulling manifest [K
pulling 2049f5674b1e:  41% ▕███████           ▏ 3.6 GB/9.0 GB  1.7 MB/s   53m7s[K[?25h[?2026l[?2026h[?25l[A[1Gpulling manifest [K
pulling 2049f5674b1e:  41% ▕███████           ▏ 3.6 GB/9.0 GB  1.7 MB/s   53m7s[K[?25h[?2026l[?2026h[?25l[A[1Gpulling manifest [K
pulling 2049f5674b1e:  41% ▕███████           ▏ 3.6 GB/9.0 GB  1.7 MB/s  52m20s[K[?25h[?2026l[?2026h[?25l[A[1Gpulling manifest [K
pulling 2049f5674b1e:  41% ▕███████           ▏ 3.6 GB/9.0 GB  1.7 MB/s  52m20s[K[?25h[?2026l[?2026h[?25l[A[1Gpulling manifest [K
pulling 2049f5674b1e:  41% ▕███████           ▏ 3.6 GB/9.0 GB  1.7 MB/s  52m20s[K[?25h[?2026l[?2026h[?25l[A[1Gpulling manifest [K
pulling 2049f5674b1e:  41% ▕███████           ▏ 3.7 GB/9.0 GB  1.7 MB/s  52m19s[K[?25h[?2026l[?2026h[?25l[A[1Gpulling manifest [K
pulling 2049f5674b1e:  41% ▕███████           ▏ 3.7 GB/9.0 GB  1.7 MB/s  52m19s[K[?25h[?2026l[?2026h[?25l[A[1Gpulling manifest [K
pulling 2049f5674b1e:  41% ▕███████           ▏ 3.7 GB/9.0 GB  1.7 MB/s  52m19s[K[?25h[?2026l[?2026h[?25l[A[1Gpulling manifest [K
pulling 2049f5674b1e:  41% ▕███████           ▏ 3.7 GB/9.0 GB  1.7 MB/s  52m19s[K[?25h[?2026l[?2026h[?25l[A[1Gpulling manifest [K
pulling 2049f5674b1e:  41% ▕███████           ▏ 3.7 GB/9.0 GB  1.7 MB/s  52m19s[K[?25h[?2026l[?2026h[?25l[A[1Gpulling manifest [K
pulling 2049f5674b1e:  41% ▕███████           ▏ 3.7 GB/9.0 GB  1.7 MB/s  52m19s[K[?25h[?2026l[?2026h[?25l[A[1Gpulling manifest [K
pulling 2049f5674b1e:  41% ▕███████           ▏ 3.7 GB/9.0 GB  1.7 MB/s  52m19s[K[?25h[?2026l[?2026h[?25l[A[1Gpulling manifest [K
pulling 2049f5674b1e:  41% ▕███████           ▏ 3.7 GB/9.0 GB  1.7 MB/s  52m42s[K[?25h[?2026l[?2026h[?25l[A[1Gpulling manifest [K
pulling 2049f5674b1e:  41% ▕███████           ▏ 3.7 GB/9.0 GB  1.7 MB/s  52m42s[K[?25h[?2026l[?2026h[?25l[A[1Gpulling manifest [K
pulling 2049f5674b1e:  41% ▕███████           ▏ 3.7 GB/9.0 GB  1.7 MB/s  52m42s[K[?25h[?2026l[?2026h[?25l[A[1Gpulling manifest [K
pulling 2049f5674b1e:  41% ▕███████           ▏ 3.7 GB/9.0 GB  1.7 MB/s  52m42s[K[?25h[?2026l[?2026h[?25l[A[1Gpulling manifest [K
pulling 2049f5674b1e:  41% ▕███████           ▏ 3.7 GB/9.0 GB  1.7 MB/s  52m42s[K[?25h[?2026l[?2026h[?25l[A[1Gpulling manifest [K
pulling 2049f5674b1e:  41% ▕███████           ▏ 3.7 GB/9.0 GB  1.7 MB/s  52m42s[K[?25h[?2026l[?2026h[?25l[A[1Gpulling manifest [K
pulling 2049f5674b1e:  41% ▕███████           ▏ 3.7 GB/9.0 GB  1.7 MB/s  52m42s[K[?25h[?2026l[?2026h[?25l[A[1Gpulling manifest [K
pulling 2049f5674b1e:  41% ▕███████           ▏ 3.7 GB/9.0 GB  1.7 MB/s  52m42s[K[?25h[?2026l[?2026h[?25l[A[1Gpulling manifest [K
pulling 2049f5674b1e:  41% ▕███████           ▏ 3.7 GB/9.0 GB  1.7 MB/s  52m42s[K[?25h[?2026l[?2026h[?25l[A[1Gpulling manifest [K
pulling 2049f5674b1e:  41% ▕███████           ▏ 3.7 GB/9.0 GB  1.7 MB/s  52m41s[K[?25h[?2026l[?2026h[?25l[A[1Gpulling manifest [K
pulling 2049f5674b1e:  41% ▕███████           ▏ 3.7 GB/9.0 GB  1.7 MB/s  52m41s[K[?25h[?2026l[?2026h[?25l[A[1Gpulling manifest [K
pulling 2049f5674b1e:  41% ▕███████           ▏ 3.7 GB/9.0 GB  1.7 MB/s  52m19s[K[?25h[?2026l[?2026h[?25l[A[1Gpulling manifest [K
pulling 2049f5674b1e:  41% ▕███████           ▏ 3.7 GB/9.0 GB  1.7 MB/s  52m19s[K[?25h[?2026l[?2026h[?25l[A[1Gpulling manifest [K
pulling 2049f5674b1e:  41% ▕███████           ▏ 3.7 GB/9.0 GB  1.7 MB/s  52m19s[K[?25h[?2026l[?2026h[?25l[A[1Gpulling manifest [K
pulling 2049f5674b1e:  41% ▕███████           ▏ 3.7 GB/9.0 GB  1.7 MB/s  52m19s[K[?25h[?2026l[?2026h[?25l[A[1Gpulling manifest [K
pulling 2049f5674b1e:  41% ▕███████           ▏ 3.7 GB/9.0 GB  1.7 MB/s  52m19s[K[?25h[?2026l[?2026h[?25l[A[1Gpulling manifest [K
pulling 2049f5674b1e:  41% ▕███████           ▏ 3.7 GB/9.0 GB  1.7 MB/s  52m19s[K[?25h[?2026l[?2026h[?25l[A[1Gpulling manifest [K
pulling 2049f5674b1e:  41% ▕███████           ▏ 3.7 GB/9.0 GB  1.7 MB/s  52m19s[K[?25h[?2026l[?2026h[?25l[A[1Gpulling manifest [K
pulling 2049f5674b1e:  41% ▕███████           ▏ 3.7 GB/9.0 GB  1.7 MB/s  52m19s[K[?25h[?2026l[?2026h[?25l[A[1Gpulling manifest [K
pulling 2049f5674b1e:  41% ▕███████           ▏ 3.7 GB/9.0 GB  1.7 MB/s  52m19s[K[?25h[?2026l[?2026h[?25l[A[1Gpulling manifest [K
pulling 2049f5674b1e:  41% ▕███████           ▏ 3.7 GB/9.0 GB  1.7 MB/s  52m18s[K[?25h[?2026l[?2026h[?25l[A[1Gpulling manifest [K
pulling 2049f5674b1e:  41% ▕███████           ▏ 3.7 GB/9.0 GB  1.7 MB/s  52m36s[K[?25h[?2026l[?2026h[?25l[A[1Gpulling manifest [K
pulling 2049f5674b1e:  41% ▕███████           ▏ 3.7 GB/9.0 GB  1.7 MB/s  52m36s[K[?25h[?2026l[?2026h[?25l[A[1Gpulling manifest [K
pulling 2049f5674b1e:  41% ▕███████           ▏ 3.7 GB/9.0 GB  1.7 MB/s  52m36s[K[?25h[?2026l[?2026h[?25l[A[1Gpulling manifest [K
pulling 2049f5674b1e:  41% ▕███████           ▏ 3.7 GB/9.0 GB  1.7 MB/s  52m36s[K[?25h[?2026l[?2026h[?25l[A[1Gpulling manifest [K
pulling 2049f5674b1e:  41% ▕███████           ▏ 3.7 GB/9.0 GB  1.7 MB/s  52m36s[K[?25h[?2026l[?2026h[?25l[A[1Gpulling manifest [K
pulling 2049f5674b1e:  41% ▕███████           ▏ 3.7 GB/9.0 GB  1.7 MB/s  52m35s[K[?25h[?2026l[?2026h[?25l[A[1Gpulling manifest [K
pulling 2049f5674b1e:  41% ▕███████           ▏ 3.7 GB/9.0 GB  1.7 MB/s  52m35s[K[?25h[?2026l[?2026h[?25l[A[1Gpulling manifest [K
pulling 2049f5674b1e:  41% ▕███████           ▏ 3.7 GB/9.0 GB  1.7 MB/s  52m35s[K[?25h[?2026l[?2026h[?25l[A[1Gpulling manifest [K
pulling 2049f5674b1e:  41% ▕███████           ▏ 3.7 GB/9.0 GB  1.7 MB/s  52m35s[K[?25h[?2026l[?2026h[?25l[A[1Gpulling manifest [K
pulling 2049f5674b1e:  41% ▕███████           ▏ 3.7 GB/9.0 GB  1.7 MB/s  52m35s[K[?25h[?2026l[?2026h[?25l[A[1Gpulling manifest [K
pulling 2049f5674b1e:  41% ▕███████           ▏ 3.7 GB/9.0 GB  1.7 MB/s  52m48s[K[?25h[?2026l[?2026h[?25l[A[1Gpulling manifest [K
pulling 2049f5674b1e:  41% ▕███████           ▏ 3.7 GB/9.0 GB  1.7 MB/s  52m48s[K[?25h[?2026l[?2026h[?25l[A[1Gpulling manifest [K
pulling 2049f5674b1e:  41% ▕███████           ▏ 3.7 GB/9.0 GB  1.7 MB/s  52m48s[K[?25h[?2026l[?2026h[?25l[A[1Gpulling manifest [K
pulling 2049f5674b1e:  41% ▕███████           ▏ 3.7 GB/9.0 GB  1.7 MB/s  52m48s[K[?25h[?2026l[?2026h[?25l[A[1Gpulling manifest [K
pulling 2049f5674b1e:  41% ▕███████           ▏ 3.7 GB/9.0 GB  1.7 MB/s  52m48s[K[?25h[?2026l[?2026h[?25l[A[1Gpulling manifest [K
pulling 2049f5674b1e:  41% ▕███████           ▏ 3.7 GB/9.0 GB  1.7 MB/s  52m48s[K[?25h[?2026l[?2026h[?25l[A[1Gpulling manifest [K
pulling 2049f5674b1e:  41% ▕███████           ▏ 3.7 GB/9.0 GB  1.7 MB/s  52m48s[K[?25h[?2026l[?2026h[?25l[A[1Gpulling manifest [K
pulling 2049f5674b1e:  41% ▕███████           ▏ 3.7 GB/9.0 GB  1.7 MB/s  52m47s[K[?25h[?2026l[?2026h[?25l[A[1Gpulling manifest [K
pulling 2049f5674b1e:  41% ▕███████           ▏ 3.7 GB/9.0 GB  1.7 MB/s  52m47s[K[?25h[?2026l[?2026h[?25l[A[1Gpulling manifest [K
pulling 2049f5674b1e:  41% ▕███████           ▏ 3.7 GB/9.0 GB  1.7 MB/s  52m47s[K[?25h[?2026l[?2026h[?25l[A[1Gpulling manifest [K
pulling 2049f5674b1e:  41% ▕███████           ▏ 3.7 GB/9.0 GB  1.7 MB/s  52m52s[K[?25h[?2026l[?2026h[?25l[A[1Gpulling manifest [K
pulling 2049f5674b1e:  41% ▕███████           ▏ 3.7 GB/9.0 GB  1.7 MB/s  52m52s[K[?25h[?2026l[?2026h[?25l[A[1Gpulling manifest [K
pulling 2049f5674b1e:  41% ▕███████           ▏ 3.7 GB/9.0 GB  1.7 MB/s  52m51s[K[?25h[?2026l[?2026h[?25l[A[1Gpulling manifest [K
pulling 2049f5674b1e:  41% ▕███████           ▏ 3.7 GB/9.0 GB  1.7 MB/s  52m51s[K[?25h[?2026l[?2026h[?25l[A[1Gpulling manifest [K
pulling 2049f5674b1e:  41% ▕███████           ▏ 3.7 GB/9.0 GB  1.7 MB/s  52m51s[K[?25h[?2026l[?2026h[?25l[A[1Gpulling manifest [K
pulling 2049f5674b1e:  41% ▕███████           ▏ 3.7 GB/9.0 GB  1.7 MB/s  52m51s[K[?25h[?2026l[?2026h[?25l[A[1Gpulling manifest [K
pulling 2049f5674b1e:  41% ▕███████           ▏ 3.7 GB/9.0 GB  1.7 MB/s  52m51s[K[?25h[?2026l[?2026h[?25l[A[1Gpulling manifest [K
pulling 2049f5674b1e:  41% ▕███████           ▏ 3.7 GB/9.0 GB  1.7 MB/s  52m51s[K[?25h[?2026l[?2026h[?25l[A[1Gpulling manifest [K
pulling 2049f5674b1e:  41% ▕███████           ▏ 3.7 GB/9.0 GB  1.7 MB/s  52m51s[K[?25h[?2026l[?2026h[?25l[A[1Gpulling manifest [K
pulling 2049f5674b1e:  41% ▕███████           ▏ 3.7 GB/9.0 GB  1.7 MB/s  52m51s[K[?25h[?2026l[?2026h[?25l[A[1Gpulling manifest [K
pulling 2049f5674b1e:  41% ▕███████           ▏ 3.7 GB/9.0 GB  1.7 MB/s   53m7s[K[?25h[?2026l[?2026h[?25l[A[1Gpulling manifest [K
pulling 2049f5674b1e:  41% ▕███████           ▏ 3.7 GB/9.0 GB  1.7 MB/s   53m7s[K[?25h[?2026l[?2026h[?25l[A[1Gpulling manifest [K
pulling 2049f5674b1e:  41% ▕███████           ▏ 3.7 GB/9.0 GB  1.7 MB/s   53m7s[K[?25h[?2026l[?2026h[?25l[A[1Gpulling manifest [K
pulling 2049f5674b1e:  41% ▕███████           ▏ 3.7 GB/9.0 GB  1.7 MB/s   53m7s[K[?25h[?2026l[?2026h[?25l[A[1Gpulling manifest [K
pulling 2049f5674b1e:  41% ▕███████           ▏ 3.7 GB/9.0 GB  1.7 MB/s   53m7s[K[?25h[?2026l[?2026h[?25l[A[1Gpulling manifest [K
pulling 2049f5674b1e:  41% ▕███████           ▏ 3.7 GB/9.0 GB  1.7 MB/s   53m7s[K[?25h[?2026l[?2026h[?25l[A[1Gpulling manifest [K
pulling 2049f5674b1e:  41% ▕███████           ▏ 3.7 GB/9.0 GB  1.7 MB/s   53m7s[K[?25h[?2026l[?2026h[?25l[A[1Gpulling manifest [K
pulling 2049f5674b1e:  41% ▕███████           ▏ 3.7 GB/9.0 GB  1.7 MB/s   53m7s[K[?25h[?2026l[?2026h[?25l[A[1Gpulling manifest [K
pulling 2049f5674b1e:  41% ▕███████           ▏ 3.7 GB/9.0 GB  1.7 MB/s   53m6s[K[?25h[?2026l[?2026h[?25l[A[1Gpulling manifest [K
pulling 2049f5674b1e:  41% ▕███████           ▏ 3.7 GB/9.0 GB  1.7 MB/s   53m6s[K[?25h[?2026l[?2026h[?25l[A[1Gpulling manifest [K
pulling 2049f5674b1e:  41% ▕███████           ▏ 3.7 GB/9.0 GB  1.7 MB/s   53m6s[K[?25h[?2026l[?2026h[?25l[A[1Gpulling manifest [K
pulling 2049f5674b1e:  41% ▕███████           ▏ 3.7 GB/9.0 GB  1.7 MB/s  52m38s[K[?25h[?2026l[?2026h[?25l[A[1Gpulling manifest [K
pulling 2049f5674b1e:  41% ▕███████           ▏ 3.7 GB/9.0 GB  1.7 MB/s  52m38s[K[?25h[?2026l[?2026h[?25l[A[1Gpulling manifest [K
pulling 2049f5674b1e:  41% ▕███████           ▏ 3.7 GB/9.0 GB  1.7 MB/s  52m38s[K[?25h[?2026l[?2026h[?25l[A[1Gpulling manifest [K
pulling 2049f5674b1e:  41% ▕███████           ▏ 3.7 GB/9.0 GB  1.7 MB/s  52m38s[K[?25h[?2026l[?2026h[?25l[A[1Gpulling manifest [K
pulling 2049f5674b1e:  41% ▕███████           ▏ 3.7 GB/9.0 GB  1.7 MB/s  52m38s[K[?25h[?2026l[?2026h[?25l[A[1Gpulling manifest [K
pulling 2049f5674b1e:  41% ▕███████           ▏ 3.7 GB/9.0 GB  1.7 MB/s  52m38s[K[?25h[?2026l[?2026h[?25l[A[1Gpulling manifest [K
pulling 2049f5674b1e:  41% ▕███████           ▏ 3.7 GB/9.0 GB  1.7 MB/s  52m38s[K[?25h[?2026l[?2026h[?25l[A[1Gpulling manifest [K
pulling 2049f5674b1e:  41% ▕███████           ▏ 3.7 GB/9.0 GB  1.7 MB/s  52m38s[K[?25h[?2026l[?2026h[?25l[A[1Gpulling manifest [K
pulling 2049f5674b1e:  41% ▕███████           ▏ 3.7 GB/9.0 GB  1.7 MB/s  52m38s[K[?25h[?2026l[?2026h[?25l[A[1Gpulling manifest [K
pulling 2049f5674b1e:  41% ▕███████           ▏ 3.7 GB/9.0 GB  1.7 MB/s  52m38s[K[?25h[?2026l[?2026h[?25l[A[1Gpulling manifest [K
pulling 2049f5674b1e:  41% ▕███████           ▏ 3.7 GB/9.0 GB  1.7 MB/s  52m42s[K[?25h[?2026l[?2026h[?25l[A[1Gpulling manifest [K
pulling 2049f5674b1e:  41% ▕███████           ▏ 3.7 GB/9.0 GB  1.7 MB/s  52m42s[K[?25h[?2026l[?2026h[?25l[A[1Gpulling manifest [K
pulling 2049f5674b1e:  41% ▕███████           ▏ 3.7 GB/9.0 GB  1.7 MB/s  52m42s[K[?25h[?2026l[?2026h[?25l[A[1Gpulling manifest [K
pulling 2049f5674b1e:  41% ▕███████           ▏ 3.7 GB/9.0 GB  1.7 MB/s  52m42s[K[?25h[?2026l[?2026h[?25l[A[1Gpulling manifest [K
pulling 2049f5674b1e:  41% ▕███████           ▏ 3.7 GB/9.0 GB  1.7 MB/s  52m42s[K[?25h[?2026l[?2026h[?25l[A[1Gpulling manifest [K
pulling 2049f5674b1e:  41% ▕███████           ▏ 3.7 GB/9.0 GB  1.7 MB/s  52m42s[K[?25h[?2026l[?2026h[?25l[A[1Gpulling manifest [K
pulling 2049f5674b1e:  41% ▕███████           ▏ 3.7 GB/9.0 GB  1.7 MB/s  52m42s[K[?25h[?2026l[?2026h[?25l[A[1Gpulling manifest [K
pulling 2049f5674b1e:  41% ▕███████           ▏ 3.7 GB/9.0 GB  1.7 MB/s  52m42s[K[?25h[?2026l[?2026h[?25l[A[1Gpulling manifest [K
pulling 2049f5674b1e:  41% ▕███████           ▏ 3.7 GB/9.0 GB  1.7 MB/s  52m41s[K[?25h[?2026l[?2026h[?25l[A[1Gpulling manifest [K
pulling 2049f5674b1e:  41% ▕███████           ▏ 3.7 GB/9.0 GB  1.7 MB/s  52m41s[K[?25h[?2026l[?2026h[?25l[A[1Gpulling manifest [K
pulling 2049f5674b1e:  41% ▕███████           ▏ 3.7 GB/9.0 GB  1.7 MB/s  53m16s[K[?25h[?2026l[?2026h[?25l[A[1Gpulling manifest [K
pulling 2049f5674b1e:  41% ▕███████           ▏ 3.7 GB/9.0 GB  1.7 MB/s  53m16s[K[?25h[?2026l[?2026h[?25l[A[1Gpulling manifest [K
pulling 2049f5674b1e:  41% ▕███████           ▏ 3.7 GB/9.0 GB  1.7 MB/s  53m16s[K[?25h[?2026l[?2026h[?25l[A[1Gpulling manifest [K
pulling 2049f5674b1e:  41% ▕███████           ▏ 3.7 GB/9.0 GB  1.7 MB/s  53m15s[K[?25h[?2026l[?2026h[?25l[A[1Gpulling manifest [K
pulling 2049f5674b1e:  41% ▕███████           ▏ 3.7 GB/9.0 GB  1.7 MB/s  53m15s[K[?25h[?2026l[?2026h[?25l[A[1Gpulling manifest [K
pulling 2049f5674b1e:  41% ▕███████           ▏ 3.7 GB/9.0 GB  1.7 MB/s  53m15s[K[?25h[?2026l[?2026h[?25l[A[1Gpulling manifest [K
pulling 2049f5674b1e:  41% ▕███████           ▏ 3.7 GB/9.0 GB  1.7 MB/s  53m15s[K[?25h[?2026l[?2026h[?25l[A[1Gpulling manifest [K
pulling 2049f5674b1e:  41% ▕███████           ▏ 3.7 GB/9.0 GB  1.7 MB/s  53m15s[K[?25h[?2026l[?2026h[?25l[A[1Gpulling manifest [K
pulling 2049f5674b1e:  41% ▕███████           ▏ 3.7 GB/9.0 GB  1.7 MB/s  53m15s[K[?25h[?2026l[?2026h[?25l[A[1Gpulling manifest [K
pulling 2049f5674b1e:  41% ▕███████           ▏ 3.7 GB/9.0 GB  1.7 MB/s  53m15s[K[?25h[?2026l[?2026h[?25l[A[1Gpulling manifest [K
pulling 2049f5674b1e:  41% ▕███████           ▏ 3.7 GB/9.0 GB  1.7 MB/s  52m52s[K[?25h[?2026l[?2026h[?25l[A[1Gpulling manifest [K
pulling 2049f5674b1e:  41% ▕███████           ▏ 3.7 GB/9.0 GB  1.7 MB/s  52m52s[K[?25h[?2026l[?2026h[?25l[A[1Gpulling manifest [K
pulling 2049f5674b1e:  41% ▕███████           ▏ 3.7 GB/9.0 GB  1.7 MB/s  52m52s[K[?25h[?2026l[?2026h[?25l[A[1Gpulling manifest [K
pulling 2049f5674b1e:  41% ▕███████           ▏ 3.7 GB/9.0 GB  1.7 MB/s  52m51s[K[?25h[?2026l[?2026h[?25l[A[1Gpulling manifest [K
pulling 2049f5674b1e:  41% ▕███████           ▏ 3.7 GB/9.0 GB  1.7 MB/s  52m51s[K[?25h[?2026l[?2026h[?25l[A[1Gpulling manifest [K
pulling 2049f5674b1e:  41% ▕███████           ▏ 3.7 GB/9.0 GB  1.7 MB/s  52m51s[K[?25h[?2026l[?2026h[?25l[A[1Gpulling manifest [K
pulling 2049f5674b1e:  41% ▕███████           ▏ 3.7 GB/9.0 GB  1.7 MB/s  52m51s[K[?25h[?2026l[?2026h[?25l[A[1Gpulling manifest [K
pulling 2049f5674b1e:  41% ▕███████           ▏ 3.7 GB/9.0 GB  1.7 MB/s  52m51s[K[?25h[?2026l[?2026h[?25l[A[1Gpulling manifest [K
pulling 2049f5674b1e:  41% ▕███████           ▏ 3.7 GB/9.0 GB  1.7 MB/s  52m51s[K[?25h[?2026l[?2026h[?25l[A[1Gpulling manifest [K
pulling 2049f5674b1e:  41% ▕███████           ▏ 3.7 GB/9.0 GB  1.7 MB/s  52m51s[K[?25h[?2026l[?2026h[?25l[A[1Gpulling manifest [K
pulling 2049f5674b1e:  41% ▕███████           ▏ 3.7 GB/9.0 GB  1.7 MB/s  52m55s[K[?25h[?2026l[?2026h[?25l[A[1Gpulling manifest [K
pulling 2049f5674b1e:  41% ▕███████           ▏ 3.7 GB/9.0 GB  1.7 MB/s  52m55s[K[?25h[?2026l[?2026h[?25l[A[1Gpulling manifest [K
pulling 2049f5674b1e:  41% ▕███████           ▏ 3.7 GB/9.0 GB  1.7 MB/s  52m55s[K[?25h[?2026l[?2026h[?25l[A[1Gpulling manifest [K
pulling 2049f5674b1e:  41% ▕███████           ▏ 3.7 GB/9.0 GB  1.7 MB/s  52m55s[K[?25h[?2026l[?2026h[?25l[A[1Gpulling manifest [K
pulling 2049f5674b1e:  41% ▕███████           ▏ 3.7 GB/9.0 GB  1.7 MB/s  52m54s[K[?25h[?2026l[?2026h[?25l[A[1Gpulling manifest [K
pulling 2049f5674b1e:  41% ▕███████           ▏ 3.7 GB/9.0 GB  1.7 MB/s  52m54s[K[?25h[?2026l[?2026h[?25l[A[1Gpulling manifest [K
pulling 2049f5674b1e:  41% ▕███████           ▏ 3.7 GB/9.0 GB  1.7 MB/s  52m54s[K[?25h[?2026l[?2026h[?25l[A[1Gpulling manifest [K
pulling 2049f5674b1e:  41% ▕███████           ▏ 3.7 GB/9.0 GB  1.7 MB/s  52m54s[K[?25h[?2026l[?2026h[?25l[A[1Gpulling manifest [K
pulling 2049f5674b1e:  41% ▕███████           ▏ 3.7 GB/9.0 GB  1.7 MB/s  52m54s[K[?25h[?2026l[?2026h[?25l[A[1Gpulling manifest [K
pulling 2049f5674b1e:  41% ▕███████           ▏ 3.7 GB/9.0 GB  1.7 MB/s  52m54s[K[?25h[?2026l[?2026h[?25l[A[1Gpulling manifest [K
pulling 2049f5674b1e:  41% ▕███████           ▏ 3.7 GB/9.0 GB  1.7 MB/s  52m54s[K[?25h[?2026l[?2026h[?25l[A[1Gpulling manifest [K
pulling 2049f5674b1e:  41% ▕███████           ▏ 3.7 GB/9.0 GB  1.7 MB/s  53m15s[K[?25h[?2026l[?2026h[?25l[A[1Gpulling manifest [K
pulling 2049f5674b1e:  41% ▕███████           ▏ 3.7 GB/9.0 GB  1.7 MB/s  53m15s[K[?25h[?2026l[?2026h[?25l[A[1Gpulling manifest [K
pulling 2049f5674b1e:  41% ▕███████           ▏ 3.7 GB/9.0 GB  1.7 MB/s  53m15s[K[?25h[?2026l[?2026h[?25l[A[1Gpulling manifest [K
pulling 2049f5674b1e:  41% ▕███████           ▏ 3.7 GB/9.0 GB  1.7 MB/s  53m14s[K[?25h[?2026l[?2026h[?25l[A[1Gpulling manifest [K
pulling 2049f5674b1e:  41% ▕███████           ▏ 3.7 GB/9.0 GB  1.7 MB/s  53m14s[K[?25h[?2026l[?2026h[?25l[A[1Gpulling manifest [K
pulling 2049f5674b1e:  41% ▕███████           ▏ 3.7 GB/9.0 GB  1.7 MB/s  53m14s[K[?25h[?2026l[?2026h[?25l[A[1Gpulling manifest [K
pulling 2049f5674b1e:  41% ▕███████           ▏ 3.7 GB/9.0 GB  1.7 MB/s  53m14s[K[?25h[?2026l[?2026h[?25l[A[1Gpulling manifest [K
pulling 2049f5674b1e:  41% ▕███████           ▏ 3.7 GB/9.0 GB  1.7 MB/s  53m14s[K[?25h[?2026l[?2026h[?25l[A[1Gpulling manifest [K
pulling 2049f5674b1e:  41% ▕███████           ▏ 3.7 GB/9.0 GB  1.7 MB/s  53m14s[K[?25h[?2026l[?2026h[?25l[A[1Gpulling manifest [K
pulling 2049f5674b1e:  41% ▕███████           ▏ 3.7 GB/9.0 GB  1.7 MB/s  53m14s[K[?25h[?2026l[?2026h[?25l[A[1Gpulling manifest [K
pulling 2049f5674b1e:  41% ▕███████           ▏ 3.7 GB/9.0 GB  1.7 MB/s  52m23s[K[?25h[?2026l[?2026h[?25l[A[1Gpulling manifest [K
pulling 2049f5674b1e:  41% ▕███████           ▏ 3.7 GB/9.0 GB  1.7 MB/s  52m23s[K[?25h[?2026l[?2026h[?25l[A[1Gpulling manifest [K
pulling 2049f5674b1e:  41% ▕███████           ▏ 3.7 GB/9.0 GB  1.7 MB/s  52m23s[K[?25h[?2026l[?2026h[?25l[A[1Gpulling manifest [K
pulling 2049f5674b1e:  41% ▕███████           ▏ 3.7 GB/9.0 GB  1.7 MB/s  52m23s[K[?25h[?2026l[?2026h[?25l[A[1Gpulling manifest [K
pulling 2049f5674b1e:  41% ▕███████           ▏ 3.7 GB/9.0 GB  1.7 MB/s  52m23s[K[?25h[?2026l[?2026h[?25l[A[1Gpulling manifest [K
pulling 2049f5674b1e:  41% ▕███████           ▏ 3.7 GB/9.0 GB  1.7 MB/s  52m23s[K[?25h[?2026l[?2026h[?25l[A[1Gpulling manifest [K
pulling 2049f5674b1e:  41% ▕███████           ▏ 3.7 GB/9.0 GB  1.7 MB/s  52m23s[K[?25h[?2026l[?2026h[?25l[A[1Gpulling manifest [K
pulling 2049f5674b1e:  41% ▕███████           ▏ 3.7 GB/9.0 GB  1.7 MB/s  52m22s[K[?25h[?2026l[?2026h[?25l[A[1Gpulling manifest [K
pulling 2049f5674b1e:  41% ▕███████           ▏ 3.7 GB/9.0 GB  1.7 MB/s  52m22s[K[?25h[?2026l[?2026h[?25l[A[1Gpulling manifest [K
pulling 2049f5674b1e:  41% ▕███████           ▏ 3.7 GB/9.0 GB  1.7 MB/s  52m22s[K[?25h[?2026l[?2026h[?25l[A[1Gpulling manifest [K
pulling 2049f5674b1e:  41% ▕███████           ▏ 3.7 GB/9.0 GB  1.7 MB/s  53m10s[K[?25h[?2026l[?2026h[?25l[A[1Gpulling manifest [K
pulling 2049f5674b1e:  41% ▕███████           ▏ 3.7 GB/9.0 GB  1.7 MB/s  53m10s[K[?25h[?2026l[?2026h[?25l[A[1Gpulling manifest [K
pulling 2049f5674b1e:  41% ▕███████           ▏ 3.7 GB/9.0 GB  1.7 MB/s  53m10s[K[?25h[?2026l[?2026h[?25l[A[1Gpulling manifest [K
pulling 2049f5674b1e:  41% ▕███████           ▏ 3.7 GB/9.0 GB  1.7 MB/s  53m10s[K[?25h[?2026l[?2026h[?25l[A[1Gpulling manifest [K
pulling 2049f5674b1e:  41% ▕███████           ▏ 3.7 GB/9.0 GB  1.7 MB/s  53m10s[K[?25h[?2026l[?2026h[?25l[A[1Gpulling manifest [K
pulling 2049f5674b1e:  41% ▕███████           ▏ 3.7 GB/9.0 GB  1.7 MB/s   53m9s[K[?25h[?2026l[?2026h[?25l[A[1Gpulling manifest [K
pulling 2049f5674b1e:  41% ▕███████           ▏ 3.7 GB/9.0 GB  1.7 MB/s   53m9s[K[?25h[?2026l[?2026h[?25l[A[1Gpulling manifest [K
pulling 2049f5674b1e:  41% ▕███████           ▏ 3.7 GB/9.0 GB  1.7 MB/s   53m9s[K[?25h[?2026l[?2026h[?25l[A[1Gpulling manifest [K
pulling 2049f5674b1e:  41% ▕███████           ▏ 3.7 GB/9.0 GB  1.7 MB/s   53m9s[K[?25h[?2026l[?2026h[?25l[A[1Gpulling manifest [K
pulling 2049f5674b1e:  41% ▕███████           ▏ 3.7 GB/9.0 GB  1.7 MB/s   53m9s[K[?25h[?2026l[?2026h[?25l[A[1Gpulling manifest [K
pulling 2049f5674b1e:  41% ▕███████           ▏ 3.7 GB/9.0 GB  1.7 MB/s  52m58s[K[?25h[?2026l[?2026h[?25l[A[1Gpulling manifest [K
pulling 2049f5674b1e:  41% ▕███████           ▏ 3.7 GB/9.0 GB  1.7 MB/s  52m58s[K[?25h[?2026l[?2026h[?25l[A[1Gpulling manifest [K
pulling 2049f5674b1e:  41% ▕███████           ▏ 3.7 GB/9.0 GB  1.7 MB/s  52m58s[K[?25h[?2026l[?2026h[?25l[A[1Gpulling manifest [K
pulling 2049f5674b1e:  41% ▕███████           ▏ 3.7 GB/9.0 GB  1.7 MB/s  52m58s[K[?25h[?2026l[?2026h[?25l[A[1Gpulling manifest [K
pulling 2049f5674b1e:  41% ▕███████           ▏ 3.7 GB/9.0 GB  1.7 MB/s  52m58s[K[?25h[?2026l[?2026h[?25l[A[1Gpulling manifest [K
pulling 2049f5674b1e:  41% ▕███████           ▏ 3.7 GB/9.0 GB  1.7 MB/s  52m58s[K[?25h[?2026l[?2026h[?25l[A[1Gpulling manifest [K
pulling 2049f5674b1e:  41% ▕███████           ▏ 3.7 GB/9.0 GB  1.7 MB/s  52m58s[K[?25h[?2026l[?2026h[?25l[A[1Gpulling manifest [K
pulling 2049f5674b1e:  41% ▕███████           ▏ 3.7 GB/9.0 GB  1.7 MB/s  52m57s[K[?25h[?2026l[?2026h[?25l[A[1Gpulling manifest [K
pulling 2049f5674b1e:  41% ▕███████           ▏ 3.7 GB/9.0 GB  1.7 MB/s  52m57s[K[?25h[?2026l[?2026h[?25l[A[1Gpulling manifest [K
pulling 2049f5674b1e:  41% ▕███████           ▏ 3.7 GB/9.0 GB  1.7 MB/s  52m57s[K[?25h[?2026l[?2026h[?25l[A[1Gpulling manifest [K
pulling 2049f5674b1e:  41% ▕███████           ▏ 3.7 GB/9.0 GB  1.6 MB/s  53m52s[K[?25h[?2026l[?2026h[?25l[A[1Gpulling manifest [K
pulling 2049f5674b1e:  41% ▕███████           ▏ 3.7 GB/9.0 GB  1.6 MB/s  53m52s[K[?25h[?2026l[?2026h[?25l[A[1Gpulling manifest [K
pulling 2049f5674b1e:  41% ▕███████           ▏ 3.7 GB/9.0 GB  1.6 MB/s  53m52s[K[?25h[?2026l[?2026h[?25l[A[1Gpulling manifest [K
pulling 2049f5674b1e:  41% ▕███████           ▏ 3.7 GB/9.0 GB  1.6 MB/s  53m52s[K[?25h[?2026l[?2026h[?25l[A[1Gpulling manifest [K
pulling 2049f5674b1e:  41% ▕███████           ▏ 3.7 GB/9.0 GB  1.6 MB/s  53m52s[K[?25h[?2026l[?2026h[?25l[A[1Gpulling manifest [K
pulling 2049f5674b1e:  41% ▕███████           ▏ 3.7 GB/9.0 GB  1.6 MB/s  53m52s[K[?25h[?2026l[?2026h[?25l[A[1Gpulling manifest [K
pulling 2049f5674b1e:  41% ▕███████           ▏ 3.7 GB/9.0 GB  1.6 MB/s  53m51s[K[?25h[?2026l[?2026h[?25l[A[1Gpulling manifest [K
pulling 2049f5674b1e:  41% ▕███████           ▏ 3.7 GB/9.0 GB  1.6 MB/s  53m51s[K[?25h[?2026l[?2026h[?25l[A[1Gpulling manifest [K
pulling 2049f5674b1e:  41% ▕███████           ▏ 3.7 GB/9.0 GB  1.6 MB/s  53m51s[K[?25h[?2026l[?2026h[?25l[A[1Gpulling manifest [K
pulling 2049f5674b1e:  41% ▕███████           ▏ 3.7 GB/9.0 GB  1.6 MB/s  53m51s[K[?25h[?2026l[?2026h[?25l[A[1Gpulling manifest [K
pulling 2049f5674b1e:  41% ▕███████           ▏ 3.7 GB/9.0 GB  1.6 MB/s  53m51s[K[?25h[?2026l[?2026h[?25l[A[1Gpulling manifest [K
pulling 2049f5674b1e:  41% ▕███████           ▏ 3.7 GB/9.0 GB  1.7 MB/s  52m57s[K[?25h[?2026l[?2026h[?25l[A[1Gpulling manifest [K
pulling 2049f5674b1e:  41% ▕███████           ▏ 3.7 GB/9.0 GB  1.7 MB/s  52m57s[K[?25h[?2026l[?2026h[?25l[A[1Gpulling manifest [K
pulling 2049f5674b1e:  41% ▕███████           ▏ 3.7 GB/9.0 GB  1.7 MB/s  52m57s[K[?25h[?2026l[?2026h[?25l[A[1Gpulling manifest [K
pulling 2049f5674b1e:  41% ▕███████           ▏ 3.7 GB/9.0 GB  1.7 MB/s  52m57s[K[?25h[?2026l[?2026h[?25l[A[1Gpulling manifest [K
pulling 2049f5674b1e:  41% ▕███████           ▏ 3.7 GB/9.0 GB  1.7 MB/s  52m56s[K[?25h[?2026l[?2026h[?25l[A[1Gpulling manifest [K
pulling 2049f5674b1e:  41% ▕███████           ▏ 3.7 GB/9.0 GB  1.7 MB/s  52m56s[K[?25h[?2026l[?2026h[?25l[A[1Gpulling manifest [K
pulling 2049f5674b1e:  41% ▕███████           ▏ 3.7 GB/9.0 GB  1.7 MB/s  52m56s[K[?25h[?2026l[?2026h[?25l[A[1Gpulling manifest [K
pulling 2049f5674b1e:  41% ▕███████           ▏ 3.7 GB/9.0 GB  1.7 MB/s  52m56s[K[?25h[?2026l[?2026h[?25l[A[1Gpulling manifest [K
pulling 2049f5674b1e:  41% ▕███████           ▏ 3.7 GB/9.0 GB  1.7 MB/s  52m56s[K[?25h[?2026l[?2026h[?25l[A[1Gpulling manifest [K
pulling 2049f5674b1e:  41% ▕███████           ▏ 3.7 GB/9.0 GB  1.7 MB/s  52m56s[K[?25h[?2026l[?2026h[?25l[A[1Gpulling manifest [K
pulling 2049f5674b1e:  41% ▕███████           ▏ 3.7 GB/9.0 GB  1.7 MB/s  52m48s[K[?25h[?2026l[?2026h[?25l[A[1Gpulling manifest [K
pulling 2049f5674b1e:  41% ▕███████           ▏ 3.7 GB/9.0 GB  1.7 MB/s  52m48s[K[?25h[?2026l[?2026h[?25l[A[1Gpulling manifest [K
pulling 2049f5674b1e:  41% ▕███████           ▏ 3.7 GB/9.0 GB  1.7 MB/s  52m47s[K[?25h[?2026l[?2026h[?25l[A[1Gpulling manifest [K
pulling 2049f5674b1e:  41% ▕███████           ▏ 3.7 GB/9.0 GB  1.7 MB/s  52m47s[K[?25h[?2026l[?2026h[?25l[A[1Gpulling manifest [K
pulling 2049f5674b1e:  41% ▕███████           ▏ 3.7 GB/9.0 GB  1.7 MB/s  52m47s[K[?25h[?2026l[?2026h[?25l[A[1Gpulling manifest [K
pulling 2049f5674b1e:  41% ▕███████           ▏ 3.7 GB/9.0 GB  1.7 MB/s  52m47s[K[?25h[?2026l[?2026h[?25l[A[1Gpulling manifest [K
pulling 2049f5674b1e:  41% ▕███████           ▏ 3.7 GB/9.0 GB  1.7 MB/s  52m47s[K[?25h[?2026l[?2026h[?25l[A[1Gpulling manifest [K
pulling 2049f5674b1e:  41% ▕███████           ▏ 3.7 GB/9.0 GB  1.7 MB/s  52m47s[K[?25h[?2026l[?2026h[?25l[A[1Gpulling manifest [K
pulling 2049f5674b1e:  41% ▕███████           ▏ 3.7 GB/9.0 GB  1.7 MB/s  52m47s[K[?25h[?2026l[?2026h[?25l[A[1Gpulling manifest [K
pulling 2049f5674b1e:  41% ▕███████           ▏ 3.7 GB/9.0 GB  1.7 MB/s  52m47s[K[?25h[?2026l[?2026h[?25l[A[1Gpulling manifest [K
pulling 2049f5674b1e:  41% ▕███████           ▏ 3.7 GB/9.0 GB  1.6 MB/s  53m43s[K[?25h[?2026l[?2026h[?25l[A[1Gpulling manifest [K
pulling 2049f5674b1e:  41% ▕███████           ▏ 3.7 GB/9.0 GB  1.6 MB/s  53m43s[K[?25h[?2026l[?2026h[?25l[A[1Gpulling manifest [K
pulling 2049f5674b1e:  41% ▕███████           ▏ 3.7 GB/9.0 GB  1.6 MB/s  53m43s[K[?25h[?2026l[?2026h[?25l[A[1Gpulling manifest [K
pulling 2049f5674b1e:  41% ▕███████           ▏ 3.7 GB/9.0 GB  1.6 MB/s  53m43s[K[?25h[?2026l[?2026h[?25l[A[1Gpulling manifest [K
pulling 2049f5674b1e:  41% ▕███████           ▏ 3.7 GB/9.0 GB  1.6 MB/s  53m43s[K[?25h[?2026l[?2026h[?25l[A[1Gpulling manifest [K
pulling 2049f5674b1e:  41% ▕███████           ▏ 3.7 GB/9.0 GB  1.6 MB/s  53m42s[K[?25h[?2026l[?2026h[?25l[A[1Gpulling manifest [K
pulling 2049f5674b1e:  41% ▕███████           ▏ 3.7 GB/9.0 GB  1.6 MB/s  53m42s[K[?25h[?2026l[?2026h[?25l[A[1Gpulling manifest [K
pulling 2049f5674b1e:  41% ▕███████           ▏ 3.7 GB/9.0 GB  1.6 MB/s  53m42s[K[?25h[?2026l[?2026h[?25l[A[1Gpulling manifest [K
pulling 2049f5674b1e:  41% ▕███████           ▏ 3.7 GB/9.0 GB  1.6 MB/s  53m42s[K[?25h[?2026l[?2026h[?25l[A[1Gpulling manifest [K
pulling 2049f5674b1e:  41% ▕███████           ▏ 3.7 GB/9.0 GB  1.6 MB/s  53m42s[K[?25h[?2026l[?2026h[?25l[A[1Gpulling manifest [K
pulling 2049f5674b1e:  41% ▕███████           ▏ 3.7 GB/9.0 GB  1.6 MB/s   55m9s[K[?25h[?2026l[?2026h[?25l[A[1Gpulling manifest [K
pulling 2049f5674b1e:  41% ▕███████           ▏ 3.7 GB/9.0 GB  1.6 MB/s   55m9s[K[?25h[?2026l[?2026h[?25l[A[1Gpulling manifest [K
pulling 2049f5674b1e:  41% ▕███████           ▏ 3.7 GB/9.0 GB  1.6 MB/s   55m9s[K[?25h[?2026l[?2026h[?25l[A[1Gpulling manifest [K
pulling 2049f5674b1e:  41% ▕███████           ▏ 3.7 GB/9.0 GB  1.6 MB/s   55m9s[K[?25h[?2026l[?2026h[?25l[A[1Gpulling manifest [K
pulling 2049f5674b1e:  41% ▕███████           ▏ 3.7 GB/9.0 GB  1.6 MB/s   55m8s[K[?25h[?2026l[?2026h[?25l[A[1Gpulling manifest [K
pulling 2049f5674b1e:  41% ▕███████           ▏ 3.7 GB/9.0 GB  1.6 MB/s   55m8s[K[?25h[?2026l[?2026h[?25l[A[1Gpulling manifest [K
pulling 2049f5674b1e:  41% ▕███████           ▏ 3.7 GB/9.0 GB  1.6 MB/s   55m8s[K[?25h[?2026l[?2026h[?25l[A[1Gpulling manifest [K
pulling 2049f5674b1e:  41% ▕███████           ▏ 3.7 GB/9.0 GB  1.6 MB/s   55m8s[K[?25h[?2026l[?2026h[?25l[A[1Gpulling manifest [K
pulling 2049f5674b1e:  41% ▕███████           ▏ 3.7 GB/9.0 GB  1.6 MB/s   55m8s[K[?25h[?2026l[?2026h[?25l[A[1Gpulling manifest [K
pulling 2049f5674b1e:  41% ▕███████           ▏ 3.7 GB/9.0 GB  1.6 MB/s   55m8s[K[?25h[?2026l[?2026h[?25l[A[1Gpulling manifest [K
pulling 2049f5674b1e:  41% ▕███████           ▏ 3.7 GB/9.0 GB  1.6 MB/s   55m8s[K[?25h[?2026l[?2026h[?25l[A[1Gpulling manifest [K
pulling 2049f5674b1e:  41% ▕███████           ▏ 3.7 GB/9.0 GB  1.6 MB/s   55m8s[K[?25h[?2026l[?2026h[?25l[A[1Gpulling manifest [K
pulling 2049f5674b1e:  41% ▕███████           ▏ 3.7 GB/9.0 GB  1.6 MB/s   55m8s[K[?25h[?2026l[?2026h[?25l[A[1Gpulling manifest [K
pulling 2049f5674b1e:  41% ▕███████           ▏ 3.7 GB/9.0 GB  1.6 MB/s   55m8s[K[?25h[?2026l[?2026h[?25l[A[1Gpulling manifest [K
pulling 2049f5674b1e:  41% ▕███████           ▏ 3.7 GB/9.0 GB  1.6 MB/s   55m8s[K[?25h[?2026l[?2026h[?25l[A[1Gpulling manifest [K
pulling 2049f5674b1e:  41% ▕███████           ▏ 3.7 GB/9.0 GB  1.6 MB/s   55m8s[K[?25h[?2026l[?2026h[?25l[A[1Gpulling manifest [K
pulling 2049f5674b1e:  41% ▕███████           ▏ 3.7 GB/9.0 GB  1.6 MB/s   55m8s[K[?25h[?2026l[?2026h[?25l[A[1Gpulling manifest [K
pulling 2049f5674b1e:  41% ▕███████           ▏ 3.7 GB/9.0 GB  1.6 MB/s   55m8s[K[?25h[?2026l[?2026h[?25l[A[1Gpulling manifest [K
pulling 2049f5674b1e:  41% ▕███████           ▏ 3.7 GB/9.0 GB  1.6 MB/s   55m8s[K[?25h[?2026l[?2026h[?25l[A[1Gpulling manifest [K
pulling 2049f5674b1e:  41% ▕███████           ▏ 3.7 GB/9.0 GB  1.6 MB/s   55m7s[K[?25h[?2026l[?2026h[?25l[A[1Gpulling manifest [K
pulling 2049f5674b1e:  41% ▕███████           ▏ 3.7 GB/9.0 GB  1.6 MB/s   55m7s[K[?25h[?2026l[?2026h[?25l[A[1Gpulling manifest [K
pulling 2049f5674b1e:  41% ▕███████           ▏ 3.7 GB/9.0 GB  1.6 MB/s  56m15s[K[?25h[?2026l[?2026h[?25l[A[1Gpulling manifest [K
pulling 2049f5674b1e:  41% ▕███████           ▏ 3.7 GB/9.0 GB  1.6 MB/s  56m15s[K[?25h[?2026l[?2026h[?25l[A[1Gpulling manifest [K
pulling 2049f5674b1e:  41% ▕███████           ▏ 3.7 GB/9.0 GB  1.6 MB/s  56m15s[K[?25h[?2026l[?2026h[?25l[A[1Gpulling manifest [K
pulling 2049f5674b1e:  41% ▕███████           ▏ 3.7 GB/9.0 GB  1.6 MB/s  56m15s[K[?25h[?2026l[?2026h[?25l[A[1Gpulling manifest [K
pulling 2049f5674b1e:  41% ▕███████           ▏ 3.7 GB/9.0 GB  1.6 MB/s  56m15s[K[?25h[?2026l[?2026h[?25l[A[1Gpulling manifest [K
pulling 2049f5674b1e:  41% ▕███████           ▏ 3.7 GB/9.0 GB  1.6 MB/s  56m15s[K[?25h[?2026l[?2026h[?25l[A[1Gpulling manifest [K
pulling 2049f5674b1e:  41% ▕███████           ▏ 3.7 GB/9.0 GB  1.6 MB/s  56m15s[K[?25h[?2026l[?2026h[?25l[A[1Gpulling manifest [K
pulling 2049f5674b1e:  41% ▕███████           ▏ 3.7 GB/9.0 GB  1.6 MB/s  56m15s[K[?25h[?2026l[?2026h[?25l[A[1Gpulling manifest [K
pulling 2049f5674b1e:  41% ▕███████           ▏ 3.7 GB/9.0 GB  1.6 MB/s  56m14s[K[?25h[?2026l[?2026h[?25l[A[1Gpulling manifest [K
pulling 2049f5674b1e:  41% ▕███████           ▏ 3.7 GB/9.0 GB  1.6 MB/s  56m14s[K[?25h[?2026l[?2026h[?25l[A[1Gpulling manifest [K
pulling 2049f5674b1e:  41% ▕███████           ▏ 3.7 GB/9.0 GB  1.6 MB/s   56m2s[K[?25h[?2026l[?2026h[?25l[A[1Gpulling manifest [K
pulling 2049f5674b1e:  41% ▕███████           ▏ 3.7 GB/9.0 GB  1.6 MB/s   56m2s[K[?25h[?2026l[?2026h[?25l[A[1Gpulling manifest [K
pulling 2049f5674b1e:  41% ▕███████           ▏ 3.7 GB/9.0 GB  1.6 MB/s   56m2s[K[?25h[?2026l[?2026h[?25l[A[1Gpulling manifest [K
pulling 2049f5674b1e:  41% ▕███████           ▏ 3.7 GB/9.0 GB  1.6 MB/s   56m2s[K[?25h[?2026l[?2026h[?25l[A[1Gpulling manifest [K
pulling 2049f5674b1e:  41% ▕███████           ▏ 3.7 GB/9.0 GB  1.6 MB/s   56m2s[K[?25h[?2026l[?2026h[?25l[A[1Gpulling manifest [K
pulling 2049f5674b1e:  41% ▕███████           ▏ 3.7 GB/9.0 GB  1.6 MB/s   56m2s[K[?25h[?2026l[?2026h[?25l[A[1Gpulling manifest [K
pulling 2049f5674b1e:  41% ▕███████           ▏ 3.7 GB/9.0 GB  1.6 MB/s   56m2s[K[?25h[?2026l[?2026h[?25l[A[1Gpulling manifest [K
pulling 2049f5674b1e:  41% ▕███████           ▏ 3.7 GB/9.0 GB  1.6 MB/s   56m2s[K[?25h[?2026l[?2026h[?25l[A[1Gpulling manifest [K
pulling 2049f5674b1e:  41% ▕███████           ▏ 3.7 GB/9.0 GB  1.6 MB/s   56m2s[K[?25h[?2026l[?2026h[?25l[A[1Gpulling manifest [K
pulling 2049f5674b1e:  41% ▕███████           ▏ 3.7 GB/9.0 GB  1.6 MB/s   56m2s[K[?25h[?2026l[?2026h[?25l[A[1Gpulling manifest [K
pulling 2049f5674b1e:  41% ▕███████           ▏ 3.7 GB/9.0 GB  1.6 MB/s  55m23s[K[?25h[?2026l[?2026h[?25l[A[1Gpulling manifest [K
pulling 2049f5674b1e:  41% ▕███████           ▏ 3.7 GB/9.0 GB  1.6 MB/s  55m23s[K[?25h[?2026l[?2026h[?25l[A[1Gpulling manifest [K
pulling 2049f5674b1e:  41% ▕███████           ▏ 3.7 GB/9.0 GB  1.6 MB/s  55m23s[K[?25h[?2026l[?2026h[?25l[A[1Gpulling manifest [K
pulling 2049f5674b1e:  41% ▕███████           ▏ 3.7 GB/9.0 GB  1.6 MB/s  55m23s[K[?25h[?2026l[?2026h[?25l[A[1Gpulling manifest [K
pulling 2049f5674b1e:  41% ▕███████           ▏ 3.7 GB/9.0 GB  1.6 MB/s  55m23s[K[?25h[?2026l[?2026h[?25l[A[1Gpulling manifest [K
pulling 2049f5674b1e:  41% ▕███████           ▏ 3.7 GB/9.0 GB  1.6 MB/s  55m23s[K[?25h[?2026l[?2026h[?25l[A[1Gpulling manifest [K
pulling 2049f5674b1e:  41% ▕███████           ▏ 3.7 GB/9.0 GB  1.6 MB/s  55m23s[K[?25h[?2026l[?2026h[?25l[A[1Gpulling manifest [K
pulling 2049f5674b1e:  41% ▕███████           ▏ 3.7 GB/9.0 GB  1.6 MB/s  55m23s[K[?25h[?2026l[?2026h[?25l[A[1Gpulling manifest [K
pulling 2049f5674b1e:  41% ▕███████           ▏ 3.7 GB/9.0 GB  1.6 MB/s  55m22s[K[?25h[?2026l[?2026h[?25l[A[1Gpulling manifest [K
pulling 2049f5674b1e:  41% ▕███████           ▏ 3.7 GB/9.0 GB  1.6 MB/s  55m22s[K[?25h[?2026l[?2026h[?25l[A[1Gpulling manifest [K
pulling 2049f5674b1e:  41% ▕███████           ▏ 3.7 GB/9.0 GB  1.6 MB/s  55m12s[K[?25h[?2026l[?2026h[?25l[A[1Gpulling manifest [K
pulling 2049f5674b1e:  41% ▕███████           ▏ 3.7 GB/9.0 GB  1.6 MB/s  55m12s[K[?25h[?2026l[?2026h[?25l[A[1Gpulling manifest [K
pulling 2049f5674b1e:  41% ▕███████           ▏ 3.7 GB/9.0 GB  1.6 MB/s  55m12s[K[?25h[?2026l[?2026h[?25l[A[1Gpulling manifest [K
pulling 2049f5674b1e:  41% ▕███████           ▏ 3.7 GB/9.0 GB  1.6 MB/s  55m12s[K[?25h[?2026l[?2026h[?25l[A[1Gpulling manifest [K
pulling 2049f5674b1e:  41% ▕███████           ▏ 3.7 GB/9.0 GB  1.6 MB/s  55m12s[K[?25h[?2026l[?2026h[?25l[A[1Gpulling manifest [K
pulling 2049f5674b1e:  41% ▕███████           ▏ 3.7 GB/9.0 GB  1.6 MB/s  55m12s[K[?25h[?2026l[?2026h[?25l[A[1Gpulling manifest [K
pulling 2049f5674b1e:  41% ▕███████           ▏ 3.7 GB/9.0 GB  1.6 MB/s  55m12s[K[?25h[?2026l[?2026h[?25l[A[1Gpulling manifest [K
pulling 2049f5674b1e:  41% ▕███████           ▏ 3.7 GB/9.0 GB  1.6 MB/s  55m11s[K[?25h[?2026l[?2026h[?25l[A[1Gpulling manifest [K
pulling 2049f5674b1e:  41% ▕███████           ▏ 3.7 GB/9.0 GB  1.6 MB/s  55m11s[K[?25h[?2026l[?2026h[?25l[A[1Gpulling manifest [K
pulling 2049f5674b1e:  41% ▕███████           ▏ 3.7 GB/9.0 GB  1.6 MB/s  55m11s[K[?25h[?2026l[?2026h[?25l[A[1Gpulling manifest [K
pulling 2049f5674b1e:  41% ▕███████           ▏ 3.7 GB/9.0 GB  1.6 MB/s   56m2s[K[?25h[?2026l[?2026h[?25l[A[1Gpulling manifest [K
pulling 2049f5674b1e:  41% ▕███████           ▏ 3.7 GB/9.0 GB  1.6 MB/s   56m2s[K[?25h[?2026l[?2026h[?25l[A[1Gpulling manifest [K
pulling 2049f5674b1e:  41% ▕███████           ▏ 3.7 GB/9.0 GB  1.6 MB/s   56m2s[K[?25h[?2026l[?2026h[?25l[A[1Gpulling manifest [K
pulling 2049f5674b1e:  41% ▕███████           ▏ 3.7 GB/9.0 GB  1.6 MB/s   56m2s[K[?25h[?2026l[?2026h[?25l[A[1Gpulling manifest [K
pulling 2049f5674b1e:  41% ▕███████           ▏ 3.7 GB/9.0 GB  1.6 MB/s   56m2s[K[?25h[?2026l[?2026h[?25l[A[1Gpulling manifest [K
pulling 2049f5674b1e:  41% ▕███████           ▏ 3.7 GB/9.0 GB  1.6 MB/s   56m2s[K[?25h[?2026l[?2026h[?25l[A[1Gpulling manifest [K
pulling 2049f5674b1e:  41% ▕███████           ▏ 3.7 GB/9.0 GB  1.6 MB/s   56m2s[K[?25h[?2026l[?2026h[?25l[A[1Gpulling manifest [K
pulling 2049f5674b1e:  41% ▕███████           ▏ 3.7 GB/9.0 GB  1.6 MB/s   56m2s[K[?25h[?2026l[?2026h[?25l[A[1Gpulling manifest [K
pulling 2049f5674b1e:  41% ▕███████           ▏ 3.7 GB/9.0 GB  1.6 MB/s   56m1s[K[?25h[?2026l[?2026h[?25l[A[1Gpulling manifest [K
pulling 2049f5674b1e:  41% ▕███████           ▏ 3.7 GB/9.0 GB  1.6 MB/s   56m1s[K[?25h[?2026l[?2026h[?25l[A[1Gpulling manifest [K
pulling 2049f5674b1e:  41% ▕███████           ▏ 3.7 GB/9.0 GB  1.6 MB/s   56m1s[K[?25h[?2026l[?2026h[?25l[A[1Gpulling manifest [K
pulling 2049f5674b1e:  41% ▕███████           ▏ 3.7 GB/9.0 GB  1.6 MB/s  55m19s[K[?25h[?2026l[?2026h[?25l[A[1Gpulling manifest [K
pulling 2049f5674b1e:  41% ▕███████           ▏ 3.7 GB/9.0 GB  1.6 MB/s  55m19s[K[?25h[?2026l[?2026h[?25l[A[1Gpulling manifest [K
pulling 2049f5674b1e:  41% ▕███████           ▏ 3.7 GB/9.0 GB  1.6 MB/s  55m19s[K[?25h[?2026l[?2026h[?25l[A[1Gpulling manifest [K
pulling 2049f5674b1e:  41% ▕███████           ▏ 3.7 GB/9.0 GB  1.6 MB/s  55m19s[K[?25h[?2026l[?2026h[?25l[A[1Gpulling manifest [K
pulling 2049f5674b1e:  41% ▕███████           ▏ 3.7 GB/9.0 GB  1.6 MB/s  55m19s[K[?25h[?2026l[?2026h[?25l[A[1Gpulling manifest [K
pulling 2049f5674b1e:  41% ▕███████           ▏ 3.7 GB/9.0 GB  1.6 MB/s  55m19s[K[?25h[?2026l[?2026h[?25l[A[1Gpulling manifest [K
pulling 2049f5674b1e:  41% ▕███████           ▏ 3.7 GB/9.0 GB  1.6 MB/s  55m18s[K[?25h[?2026l[?2026h[?25l[A[1Gpulling manifest [K
pulling 2049f5674b1e:  41% ▕███████           ▏ 3.7 GB/9.0 GB  1.6 MB/s  55m18s[K[?25h[?2026l[?2026h[?25l[A[1Gpulling manifest [K
pulling 2049f5674b1e:  41% ▕███████           ▏ 3.7 GB/9.0 GB  1.6 MB/s  55m18s[K[?25h[?2026l[?2026h[?25l[A[1Gpulling manifest [K
pulling 2049f5674b1e:  41% ▕███████           ▏ 3.7 GB/9.0 GB  1.6 MB/s  55m18s[K[?25h[?2026l[?2026h[?25l[A[1Gpulling manifest [K
pulling 2049f5674b1e:  41% ▕███████           ▏ 3.7 GB/9.0 GB  1.6 MB/s   55m8s[K[?25h[?2026l[?2026h[?25l[A[1Gpulling manifest [K
pulling 2049f5674b1e:  41% ▕███████           ▏ 3.7 GB/9.0 GB  1.6 MB/s   55m8s[K[?25h[?2026l[?2026h[?25l[A[1Gpulling manifest [K
pulling 2049f5674b1e:  41% ▕███████           ▏ 3.7 GB/9.0 GB  1.6 MB/s   55m7s[K[?25h[?2026l[?2026h[?25l[A[1Gpulling manifest [K
pulling 2049f5674b1e:  41% ▕███████           ▏ 3.7 GB/9.0 GB  1.6 MB/s   55m7s[K[?25h[?2026l[?2026h[?25l[A[1Gpulling manifest [K
pulling 2049f5674b1e:  41% ▕███████           ▏ 3.7 GB/9.0 GB  1.6 MB/s   55m7s[K[?25h[?2026l[?2026h[?25l[A[1Gpulling manifest [K
pulling 2049f5674b1e:  41% ▕███████           ▏ 3.7 GB/9.0 GB  1.6 MB/s   55m7s[K[?25h[?2026l[?2026h[?25l[A[1Gpulling manifest [K
pulling 2049f5674b1e:  41% ▕███████           ▏ 3.7 GB/9.0 GB  1.6 MB/s   55m7s[K[?25h[?2026l[?2026h[?25l[A[1Gpulling manifest [K
pulling 2049f5674b1e:  41% ▕███████           ▏ 3.7 GB/9.0 GB  1.6 MB/s   55m7s[K[?25h[?2026l[?2026h[?25l[A[1Gpulling manifest [K
pulling 2049f5674b1e:  41% ▕███████           ▏ 3.7 GB/9.0 GB  1.6 MB/s   55m7s[K[?25h[?2026l[?2026h[?25l[A[1Gpulling manifest [K
pulling 2049f5674b1e:  41% ▕███████           ▏ 3.7 GB/9.0 GB  1.6 MB/s   55m7s[K[?25h[?2026l[?2026h[?25l[A[1Gpulling manifest [K
pulling 2049f5674b1e:  41% ▕███████           ▏ 3.7 GB/9.0 GB  1.6 MB/s  54m41s[K[?25h[?2026l[?2026h[?25l[A[1Gpulling manifest [K
pulling 2049f5674b1e:  41% ▕███████           ▏ 3.7 GB/9.0 GB  1.6 MB/s  54m40s[K[?25h[?2026l[?2026h[?25l[A[1Gpulling manifest [K
pulling 2049f5674b1e:  41% ▕███████           ▏ 3.7 GB/9.0 GB  1.6 MB/s  54m40s[K[?25h[?2026l[?2026h[?25l[A[1Gpulling manifest [K
pulling 2049f5674b1e:  41% ▕███████           ▏ 3.7 GB/9.0 GB  1.6 MB/s  54m40s[K[?25h[?2026l[?2026h[?25l[A[1Gpulling manifest [K
pulling 2049f5674b1e:  41% ▕███████           ▏ 3.7 GB/9.0 GB  1.6 MB/s  54m40s[K[?25h[?2026l[?2026h[?25l[A[1Gpulling manifest [K
pulling 2049f5674b1e:  41% ▕███████           ▏ 3.7 GB/9.0 GB  1.6 MB/s  54m40s[K[?25h[?2026l[?2026h[?25l[A[1Gpulling manifest [K
pulling 2049f5674b1e:  41% ▕███████           ▏ 3.7 GB/9.0 GB  1.6 MB/s  54m40s[K[?25h[?2026l[?2026h[?25l[A[1Gpulling manifest [K
pulling 2049f5674b1e:  41% ▕███████           ▏ 3.7 GB/9.0 GB  1.6 MB/s  54m40s[K[?25h[?2026l[?2026h[?25l[A[1Gpulling manifest [K
pulling 2049f5674b1e:  41% ▕███████           ▏ 3.7 GB/9.0 GB  1.6 MB/s  54m40s[K[?25h[?2026l[?2026h[?25l[A[1Gpulling manifest [K
pulling 2049f5674b1e:  41% ▕███████           ▏ 3.7 GB/9.0 GB  1.6 MB/s  54m39s[K[?25h[?2026l[?2026h[?25l[A[1Gpulling manifest [K
pulling 2049f5674b1e:  41% ▕███████           ▏ 3.7 GB/9.0 GB  1.7 MB/s   53m9s[K[?25h[?2026l[?2026h[?25l[A[1Gpulling manifest [K
pulling 2049f5674b1e:  41% ▕███████           ▏ 3.7 GB/9.0 GB  1.7 MB/s   53m9s[K[?25h[?2026l[?2026h[?25l[A[1Gpulling manifest [K
pulling 2049f5674b1e:  41% ▕███████           ▏ 3.7 GB/9.0 GB  1.7 MB/s   53m9s[K[?25h[?2026l[?2026h[?25l[A[1Gpulling manifest [K
pulling 2049f5674b1e:  41% ▕███████           ▏ 3.7 GB/9.0 GB  1.7 MB/s   53m9s[K[?25h[?2026l[?2026h[?25l[A[1Gpulling manifest [K
pulling 2049f5674b1e:  41% ▕███████           ▏ 3.7 GB/9.0 GB  1.7 MB/s   53m8s[K[?25h[?2026l[?2026h[?25l[A[1Gpulling manifest [K
pulling 2049f5674b1e:  41% ▕███████           ▏ 3.7 GB/9.0 GB  1.7 MB/s   53m8s[K[?25h[?2026l[?2026h[?25l[A[1Gpulling manifest [K
pulling 2049f5674b1e:  41% ▕███████           ▏ 3.7 GB/9.0 GB  1.7 MB/s   53m8s[K[?25h[?2026l[?2026h[?25l[A[1Gpulling manifest [K
pulling 2049f5674b1e:  41% ▕███████           ▏ 3.7 GB/9.0 GB  1.7 MB/s   53m8s[K[?25h[?2026l[?2026h[?25l[A[1Gpulling manifest [K
pulling 2049f5674b1e:  41% ▕███████           ▏ 3.7 GB/9.0 GB  1.7 MB/s   53m8s[K[?25h[?2026l[?2026h[?25l[A[1Gpulling manifest [K
pulling 2049f5674b1e:  41% ▕███████           ▏ 3.7 GB/9.0 GB  1.7 MB/s   53m8s[K[?25h[?2026l[?2026h[?25l[A[1Gpulling manifest [K
pulling 2049f5674b1e:  41% ▕███████           ▏ 3.7 GB/9.0 GB  1.7 MB/s  52m50s[K[?25h[?2026l[?2026h[?25l[A[1Gpulling manifest [K
pulling 2049f5674b1e:  41% ▕███████           ▏ 3.7 GB/9.0 GB  1.7 MB/s  52m50s[K[?25h[?2026l[?2026h[?25l[A[1Gpulling manifest [K
pulling 2049f5674b1e:  41% ▕███████           ▏ 3.7 GB/9.0 GB  1.7 MB/s  52m50s[K[?25h[?2026l[?2026h[?25l[A[1Gpulling manifest [K
pulling 2049f5674b1e:  41% ▕███████           ▏ 3.7 GB/9.0 GB  1.7 MB/s  52m50s[K[?25h[?2026l[?2026h[?25l[A[1Gpulling manifest [K
pulling 2049f5674b1e:  41% ▕███████           ▏ 3.7 GB/9.0 GB  1.7 MB/s  52m50s[K[?25h[?2026l[?2026h[?25l[A[1Gpulling manifest [K
pulling 2049f5674b1e:  41% ▕███████           ▏ 3.7 GB/9.0 GB  1.7 MB/s  52m50s[K[?25h[?2026l[?2026h[?25l[A[1Gpulling manifest [K
pulling 2049f5674b1e:  41% ▕███████           ▏ 3.7 GB/9.0 GB  1.7 MB/s  52m50s[K[?25h[?2026l[?2026h[?25l[A[1Gpulling manifest [K
pulling 2049f5674b1e:  41% ▕███████           ▏ 3.7 GB/9.0 GB  1.7 MB/s  52m50s[K[?25h[?2026l[?2026h[?25l[A[1Gpulling manifest [K
pulling 2049f5674b1e:  41% ▕███████           ▏ 3.7 GB/9.0 GB  1.7 MB/s  52m50s[K[?25h[?2026l[?2026h[?25l[A[1Gpulling manifest [K
pulling 2049f5674b1e:  41% ▕███████           ▏ 3.7 GB/9.0 GB  1.7 MB/s  52m50s[K[?25h[?2026l[?2026h[?25l[A[1Gpulling manifest [K
pulling 2049f5674b1e:  41% ▕███████           ▏ 3.7 GB/9.0 GB  1.7 MB/s  52m50s[K[?25h[?2026l[?2026h[?25l[A[1Gpulling manifest [K
pulling 2049f5674b1e:  41% ▕███████           ▏ 3.7 GB/9.0 GB  1.7 MB/s  53m14s[K[?25h[?2026l[?2026h[?25l[A[1Gpulling manifest [K
pulling 2049f5674b1e:  41% ▕███████           ▏ 3.7 GB/9.0 GB  1.7 MB/s  53m14s[K[?25h[?2026l[?2026h[?25l[A[1Gpulling manifest [K
pulling 2049f5674b1e:  41% ▕███████           ▏ 3.7 GB/9.0 GB  1.7 MB/s  53m14s[K[?25h[?2026l[?2026h[?25l[A[1Gpulling manifest [K
pulling 2049f5674b1e:  41% ▕███████           ▏ 3.7 GB/9.0 GB  1.7 MB/s  53m14s[K[?25h[?2026l[?2026h[?25l[A[1Gpulling manifest [K
pulling 2049f5674b1e:  41% ▕███████           ▏ 3.7 GB/9.0 GB  1.7 MB/s  53m14s[K[?25h[?2026l[?2026h[?25l[A[1Gpulling manifest [K
pulling 2049f5674b1e:  41% ▕███████           ▏ 3.7 GB/9.0 GB  1.7 MB/s  53m14s[K[?25h[?2026l[?2026h[?25l[A[1Gpulling manifest [K
pulling 2049f5674b1e:  41% ▕███████           ▏ 3.7 GB/9.0 GB  1.7 MB/s  53m14s[K[?25h[?2026l[?2026h[?25l[A[1Gpulling manifest [K
pulling 2049f5674b1e:  41% ▕███████           ▏ 3.7 GB/9.0 GB  1.7 MB/s  53m14s[K[?25h[?2026l[?2026h[?25l[A[1Gpulling manifest [K
pulling 2049f5674b1e:  41% ▕███████           ▏ 3.7 GB/9.0 GB  1.7 MB/s  53m14s[K[?25h[?2026l[?2026h[?25l[A[1Gpulling manifest [K
pulling 2049f5674b1e:  41% ▕███████           ▏ 3.7 GB/9.0 GB  1.7 MB/s  53m14s[K[?25h[?2026l[?2026h[?25l[A[1Gpulling manifest [K
pulling 2049f5674b1e:  41% ▕███████           ▏ 3.7 GB/9.0 GB  1.6 MB/s  53m38s[K[?25h[?2026l[?2026h[?25l[A[1Gpulling manifest [K
pulling 2049f5674b1e:  41% ▕███████           ▏ 3.7 GB/9.0 GB  1.6 MB/s  53m38s[K[?25h[?2026l[?2026h[?25l[A[1Gpulling manifest [K
pulling 2049f5674b1e:  41% ▕███████           ▏ 3.7 GB/9.0 GB  1.6 MB/s  53m38s[K[?25h[?2026l[?2026h[?25l[A[1Gpulling manifest [K
pulling 2049f5674b1e:  41% ▕███████           ▏ 3.7 GB/9.0 GB  1.6 MB/s  53m38s[K[?25h[?2026l[?2026h[?25l[A[1Gpulling manifest [K
pulling 2049f5674b1e:  41% ▕███████           ▏ 3.7 GB/9.0 GB  1.6 MB/s  53m38s[K[?25h[?2026l[?2026h[?25l[A[1Gpulling manifest [K
pulling 2049f5674b1e:  41% ▕███████           ▏ 3.7 GB/9.0 GB  1.6 MB/s  53m38s[K[?25h[?2026l[?2026h[?25l[A[1Gpulling manifest [K
pulling 2049f5674b1e:  41% ▕███████           ▏ 3.7 GB/9.0 GB  1.6 MB/s  53m38s[K[?25h[?2026l[?2026h[?25l[A[1Gpulling manifest [K
pulling 2049f5674b1e:  41% ▕███████           ▏ 3.7 GB/9.0 GB  1.6 MB/s  53m38s[K[?25h[?2026l[?2026h[?25l[A[1Gpulling manifest [K
pulling 2049f5674b1e:  41% ▕███████           ▏ 3.7 GB/9.0 GB  1.6 MB/s  53m37s[K[?25h[?2026l[?2026h[?25l[A[1Gpulling manifest [K
pulling 2049f5674b1e:  41% ▕███████           ▏ 3.7 GB/9.0 GB  1.6 MB/s  53m37s[K[?25h[?2026l[?2026h[?25l[A[1Gpulling manifest [K
pulling 2049f5674b1e:  41% ▕███████           ▏ 3.7 GB/9.0 GB  1.7 MB/s   53m0s[K[?25h[?2026l[?2026h[?25l[A[1Gpulling manifest [K
pulling 2049f5674b1e:  41% ▕███████           ▏ 3.7 GB/9.0 GB  1.7 MB/s   53m0s[K[?25h[?2026l[?2026h[?25l[A[1Gpulling manifest [K
pulling 2049f5674b1e:  41% ▕███████           ▏ 3.7 GB/9.0 GB  1.7 MB/s   53m0s[K[?25h[?2026l[?2026h[?25l[A[1Gpulling manifest [K
pulling 2049f5674b1e:  41% ▕███████           ▏ 3.7 GB/9.0 GB  1.7 MB/s  52m59s[K[?25h[?2026l[?2026h[?25l[A[1Gpulling manifest [K
pulling 2049f5674b1e:  41% ▕███████           ▏ 3.7 GB/9.0 GB  1.7 MB/s  52m59s[K[?25h[?2026l[?2026h[?25l[A[1Gpulling manifest [K
pulling 2049f5674b1e:  41% ▕███████           ▏ 3.7 GB/9.0 GB  1.7 MB/s  52m59s[K[?25h[?2026l[?2026h[?25l[A[1Gpulling manifest [K
pulling 2049f5674b1e:  41% ▕███████           ▏ 3.7 GB/9.0 GB  1.7 MB/s  52m59s[K[?25h[?2026l[?2026h[?25l[A[1Gpulling manifest [K
pulling 2049f5674b1e:  41% ▕███████           ▏ 3.7 GB/9.0 GB  1.7 MB/s  52m59s[K[?25h[?2026l[?2026h[?25l[A[1Gpulling manifest [K
pulling 2049f5674b1e:  41% ▕███████           ▏ 3.7 GB/9.0 GB  1.7 MB/s  52m59s[K[?25h[?2026l[?2026h[?25l[A[1Gpulling manifest [K
pulling 2049f5674b1e:  41% ▕███████           ▏ 3.7 GB/9.0 GB  1.7 MB/s  52m59s[K[?25h[?2026l[?2026h[?25l[A[1Gpulling manifest [K
pulling 2049f5674b1e:  41% ▕███████           ▏ 3.7 GB/9.0 GB  1.7 MB/s  52m33s[K[?25h[?2026l[?2026h[?25l[A[1Gpulling manifest [K
pulling 2049f5674b1e:  41% ▕███████           ▏ 3.7 GB/9.0 GB  1.7 MB/s  52m33s[K[?25h[?2026l[?2026h[?25l[A[1Gpulling manifest [K
pulling 2049f5674b1e:  41% ▕███████           ▏ 3.7 GB/9.0 GB  1.7 MB/s  52m33s[K[?25h[?2026l[?2026h[?25l[A[1Gpulling manifest [K
pulling 2049f5674b1e:  41% ▕███████           ▏ 3.7 GB/9.0 GB  1.7 MB/s  52m33s[K[?25h[?2026l[?2026h[?25l[A[1Gpulling manifest [K
pulling 2049f5674b1e:  41% ▕███████           ▏ 3.7 GB/9.0 GB  1.7 MB/s  52m33s[K[?25h[?2026l[?2026h[?25l[A[1Gpulling manifest [K
pulling 2049f5674b1e:  41% ▕███████           ▏ 3.7 GB/9.0 GB  1.7 MB/s  52m33s[K[?25h[?2026l[?2026h[?25l[A[1Gpulling manifest [K
pulling 2049f5674b1e:  41% ▕███████           ▏ 3.7 GB/9.0 GB  1.7 MB/s  52m33s[K[?25h[?2026l[?2026h[?25l[A[1Gpulling manifest [K
pulling 2049f5674b1e:  41% ▕███████           ▏ 3.7 GB/9.0 GB  1.7 MB/s  52m33s[K[?25h[?2026l[?2026h[?25l[A[1Gpulling manifest [K
pulling 2049f5674b1e:  41% ▕███████           ▏ 3.7 GB/9.0 GB  1.7 MB/s  52m33s[K[?25h[?2026l[?2026h[?25l[A[1Gpulling manifest [K
pulling 2049f5674b1e:  41% ▕███████           ▏ 3.7 GB/9.0 GB  1.7 MB/s  52m32s[K[?25h[?2026l[?2026h[?25l[A[1Gpulling manifest [K
pulling 2049f5674b1e:  41% ▕███████           ▏ 3.7 GB/9.0 GB  1.6 MB/s  53m41s[K[?25h[?2026l[?2026h[?25l[A[1Gpulling manifest [K
pulling 2049f5674b1e:  41% ▕███████           ▏ 3.7 GB/9.0 GB  1.6 MB/s  53m41s[K[?25h[?2026l[?2026h[?25l[A[1Gpulling manifest [K
pulling 2049f5674b1e:  41% ▕███████           ▏ 3.7 GB/9.0 GB  1.6 MB/s  53m40s[K[?25h[?2026l[?2026h[?25l[A[1Gpulling manifest [K
pulling 2049f5674b1e:  41% ▕███████           ▏ 3.7 GB/9.0 GB  1.6 MB/s  53m40s[K[?25h[?2026l[?2026h[?25l[A[1Gpulling manifest [K
pulling 2049f5674b1e:  41% ▕███████           ▏ 3.7 GB/9.0 GB  1.6 MB/s  53m40s[K[?25h[?2026l[?2026h[?25l[A[1Gpulling manifest [K
pulling 2049f5674b1e:  41% ▕███████           ▏ 3.7 GB/9.0 GB  1.6 MB/s  53m40s[K[?25h[?2026l[?2026h[?25l[A[1Gpulling manifest [K
pulling 2049f5674b1e:  41% ▕███████           ▏ 3.7 GB/9.0 GB  1.6 MB/s  53m40s[K[?25h[?2026l[?2026h[?25l[A[1Gpulling manifest [K
pulling 2049f5674b1e:  41% ▕███████           ▏ 3.7 GB/9.0 GB  1.6 MB/s  53m40s[K[?25h[?2026l[?2026h[?25l[A[1Gpulling manifest [K
pulling 2049f5674b1e:  41% ▕███████           ▏ 3.7 GB/9.0 GB  1.6 MB/s  53m40s[K[?25h[?2026l[?2026h[?25l[A[1Gpulling manifest [K
pulling 2049f5674b1e:  41% ▕███████           ▏ 3.7 GB/9.0 GB  1.6 MB/s  53m40s[K[?25h[?2026l[?2026h[?25l[A[1Gpulling manifest [K
pulling 2049f5674b1e:  41% ▕███████           ▏ 3.7 GB/9.0 GB  1.6 MB/s  53m40s[K[?25h[?2026l[?2026h[?25l[A[1Gpulling manifest [K
pulling 2049f5674b1e:  41% ▕███████           ▏ 3.7 GB/9.0 GB  1.7 MB/s  52m36s[K[?25h[?2026l[?2026h[?25l[A[1Gpulling manifest [K
pulling 2049f5674b1e:  41% ▕███████           ▏ 3.7 GB/9.0 GB  1.7 MB/s  52m36s[K[?25h[?2026l[?2026h[?25l[A[1Gpulling manifest [K
pulling 2049f5674b1e:  41% ▕███████           ▏ 3.7 GB/9.0 GB  1.7 MB/s  52m36s[K[?25h[?2026l[?2026h[?25l[A[1Gpulling manifest [K
pulling 2049f5674b1e:  41% ▕███████           ▏ 3.7 GB/9.0 GB  1.7 MB/s  52m36s[K[?25h[?2026l[?2026h[?25l[A[1Gpulling manifest [K
pulling 2049f5674b1e:  41% ▕███████           ▏ 3.7 GB/9.0 GB  1.7 MB/s  52m36s[K[?25h[?2026l[?2026h[?25l[A[1Gpulling manifest [K
pulling 2049f5674b1e:  41% ▕███████           ▏ 3.7 GB/9.0 GB  1.7 MB/s  52m36s[K[?25h[?2026l[?2026h[?25l[A[1Gpulling manifest [K
pulling 2049f5674b1e:  41% ▕███████           ▏ 3.7 GB/9.0 GB  1.7 MB/s  52m36s[K[?25h[?2026l[?2026h[?25l[A[1Gpulling manifest [K
pulling 2049f5674b1e:  41% ▕███████           ▏ 3.7 GB/9.0 GB  1.7 MB/s  52m36s[K[?25h[?2026l[?2026h[?25l[A[1Gpulling manifest [K
pulling 2049f5674b1e:  41% ▕███████           ▏ 3.7 GB/9.0 GB  1.7 MB/s  52m35s[K[?25h[?2026l[?2026h[?25l[A[1Gpulling manifest [K
pulling 2049f5674b1e:  41% ▕███████           ▏ 3.7 GB/9.0 GB  1.7 MB/s  52m35s[K[?25h[?2026l[?2026h[?25l[A[1Gpulling manifest [K
pulling 2049f5674b1e:  41% ▕███████           ▏ 3.7 GB/9.0 GB  1.7 MB/s  51m58s[K[?25h[?2026l[?2026h[?25l[A[1Gpulling manifest [K
pulling 2049f5674b1e:  41% ▕███████           ▏ 3.7 GB/9.0 GB  1.7 MB/s  51m58s[K[?25h[?2026l[?2026h[?25l[A[1Gpulling manifest [K
pulling 2049f5674b1e:  41% ▕███████           ▏ 3.7 GB/9.0 GB  1.7 MB/s  51m58s[K[?25h[?2026l[?2026h[?25l[A[1Gpulling manifest [K
pulling 2049f5674b1e:  41% ▕███████           ▏ 3.7 GB/9.0 GB  1.7 MB/s  51m58s[K[?25h[?2026l